sgg_code,year,surveyed,infected,dead,treated,sido,sido_nm,infect_rate,treat_rate,surveyed_lag1,surveyed_lag2,infected_lag1,infected_lag2,dead_lag1,dead_lag2,infect_rate_lag1,infect_rate_lag2,treat_rate_lag1,treat_rate_lag2,infected_growth
11140,2016,2,0,2,2,11,서울,0.0,1.0,,,,,,,,,,,
11170,2016,7,0,7,7,11,서울,0.0,1.0,,,,,,,,,,,
11170,2017,4,0,4,4,11,서울,0.0,1.0,7.0,,0.0,,7.0,,0.0,,1.0,,
11260,2016,12,0,12,12,11,서울,0.0,1.0,,,,,,,,,,,
11260,2017,43,0,43,43,11,서울,0.0,1.0,12.0,,0.0,,12.0,,0.0,,1.0,,
11260,2018,5,0,5,5,11,서울,0.0,1.0,43.0,12.0,0.0,0.0,43.0,12.0,0.0,0.0,1.0,1.0,0.0
11290,2016,10,0,10,10,11,서울,0.0,1.0,,,,,,,,,,,
11290,2017,5,0,5,5,11,서울,0.0,1.0,10.0,,0.0,,10.0,,0.0,,1.0,,
11290,2018,2,0,2,2,11,서울,0.0,1.0,5.0,10.0,0.0,0.0,5.0,10.0,0.0,0.0,1.0,1.0,0.0
26140,2018,807,0,807,807,26,부산,0.0,1.0,,,,,,,,,,,
26140,2020,57,6,17,57,26,부산,0.10526315789473684,1.0,807.0,,0.0,,807.0,,0.0,,1.0,,
26140,2021,25,4,8,25,26,부산,0.16,1.0,57.0,807.0,6.0,0.0,17.0,807.0,0.10526315789473684,0.0,1.0,1.0,6.0
26140,2022,61,6,61,61,26,부산,0.09836065573770492,1.0,25.0,57.0,4.0,6.0,8.0,17.0,0.16,0.10526315789473684,1.0,1.0,-2.0
26140,2023,30,0,30,30,26,부산,0.0,1.0,61.0,25.0,6.0,4.0,61.0,8.0,0.09836065573770492,0.16,1.0,1.0,2.0
26170,2020,2,0,2,2,26,부산,0.0,1.0,,,,,,,,,,,
26170,2021,89,0,89,89,26,부산,0.0,1.0,2.0,,0.0,,2.0,,0.0,,1.0,,
26170,2022,110,1,110,110,26,부산,0.00909090909090909,1.0,89.0,2.0,0.0,0.0,89.0,2.0,0.0,0.0,1.0,1.0,0.0
26170,2023,9,0,9,9,26,부산,0.0,1.0,110.0,89.0,1.0,0.0,110.0,89.0,0.00909090909090909,0.0,1.0,1.0,1.0
26200,2016,350,221,350,350,26,부산,0.6314285714285715,1.0,,,,,,,,,,,
26200,2017,680,245,680,680,26,부산,0.3602941176470588,1.0,350.0,,221.0,,350.0,,0.6314285714285715,,1.0,,
26200,2018,1041,134,1041,1041,26,부산,0.1287223823246878,1.0,680.0,350.0,245.0,221.0,680.0,350.0,0.3602941176470588,0.6314285714285715,1.0,1.0,24.0
26200,2019,727,163,727,727,26,부산,0.22420907840440166,1.0,1041.0,680.0,134.0,245.0,1041.0,680.0,0.1287223823246878,0.3602941176470588,1.0,1.0,-111.0
26200,2020,517,63,517,517,26,부산,0.1218568665377176,1.0,727.0,1041.0,163.0,134.0,727.0,1041.0,0.22420907840440166,0.1287223823246878,1.0,1.0,29.0
26200,2021,319,61,319,319,26,부산,0.19122257053291536,1.0,517.0,727.0,63.0,163.0,517.0,727.0,0.1218568665377176,0.22420907840440166,1.0,1.0,-100.0
26200,2022,152,59,152,152,26,부산,0.3881578947368421,1.0,319.0,517.0,61.0,63.0,319.0,517.0,0.19122257053291536,0.1218568665377176,1.0,1.0,-2.0
26230,2016,2,0,2,2,26,부산,0.0,1.0,,,,,,,,,,,
26230,2018,73,30,73,73,26,부산,0.410958904109589,1.0,2.0,,0.0,,2.0,,0.0,,1.0,,
26230,2019,43,14,43,43,26,부산,0.32558139534883723,1.0,73.0,2.0,30.0,0.0,73.0,2.0,0.410958904109589,0.0,1.0,1.0,30.0
26230,2020,56,15,56,56,26,부산,0.26785714285714285,1.0,43.0,73.0,14.0,30.0,43.0,73.0,0.32558139534883723,0.410958904109589,1.0,1.0,-16.0
26230,2021,68,51,68,68,26,부산,0.75,1.0,56.0,43.0,15.0,14.0,56.0,43.0,0.26785714285714285,0.32558139534883723,1.0,1.0,1.0
26230,2022,78,32,78,78,26,부산,0.41025641025641024,1.0,68.0,56.0,51.0,15.0,68.0,56.0,0.75,0.26785714285714285,1.0,1.0,36.0
26230,2023,68,13,68,68,26,부산,0.19117647058823528,1.0,78.0,68.0,32.0,51.0,78.0,68.0,0.41025641025641024,0.75,1.0,1.0,-19.0
26260,2017,93,0,93,93,26,부산,0.0,1.0,,,,,,,,,,,
26260,2018,79,0,79,79,26,부산,0.0,1.0,93.0,,0.0,,93.0,,0.0,,1.0,,
26260,2019,199,0,199,199,26,부산,0.0,1.0,79.0,93.0,0.0,0.0,79.0,93.0,0.0,0.0,1.0,1.0,0.0
26260,2020,1,0,1,1,26,부산,0.0,1.0,199.0,79.0,0.0,0.0,199.0,79.0,0.0,0.0,1.0,1.0,0.0
26260,2022,67,3,67,67,26,부산,0.04477611940298507,1.0,1.0,199.0,0.0,0.0,1.0,199.0,0.0,0.0,1.0,1.0,0.0
26260,2023,5,0,5,5,26,부산,0.0,1.0,67.0,1.0,3.0,0.0,67.0,1.0,0.04477611940298507,0.0,1.0,1.0,3.0
26290,2016,356,27,356,356,26,부산,0.07584269662921349,1.0,,,,,,,,,,,
26290,2017,227,24,227,227,26,부산,0.10572687224669604,1.0,356.0,,27.0,,356.0,,0.07584269662921349,,1.0,,
26290,2018,559,7,559,559,26,부산,0.012522361359570662,1.0,227.0,356.0,24.0,27.0,227.0,356.0,0.10572687224669604,0.07584269662921349,1.0,1.0,-3.0
26290,2019,52,4,52,52,26,부산,0.07692307692307693,1.0,559.0,227.0,7.0,24.0,559.0,227.0,0.012522361359570662,0.10572687224669604,1.0,1.0,-17.0
26290,2020,138,0,33,138,26,부산,0.0,1.0,52.0,559.0,4.0,7.0,52.0,559.0,0.07692307692307693,0.012522361359570662,1.0,1.0,-3.0
26290,2021,36,0,35,36,26,부산,0.0,1.0,138.0,52.0,0.0,4.0,33.0,52.0,0.0,0.07692307692307693,1.0,1.0,-4.0
26290,2022,30,0,30,30,26,부산,0.0,1.0,36.0,138.0,0.0,0.0,35.0,33.0,0.0,0.0,1.0,1.0,0.0
26290,2023,7,0,7,7,26,부산,0.0,1.0,30.0,36.0,0.0,0.0,30.0,35.0,0.0,0.0,1.0,1.0,0.0
26320,2016,201,0,201,201,26,부산,0.0,1.0,,,,,,,,,,,
26320,2017,195,4,195,195,26,부산,0.020512820512820513,1.0,201.0,,0.0,,201.0,,0.0,,1.0,,
26320,2018,218,12,218,218,26,부산,0.05504587155963303,1.0,195.0,201.0,4.0,0.0,195.0,201.0,0.020512820512820513,0.0,1.0,1.0,4.0
26320,2019,642,0,642,642,26,부산,0.0,1.0,218.0,195.0,12.0,4.0,218.0,195.0,0.05504587155963303,0.020512820512820513,1.0,1.0,8.0
26320,2020,669,12,669,669,26,부산,0.017937219730941704,1.0,642.0,218.0,0.0,12.0,642.0,218.0,0.0,0.05504587155963303,1.0,1.0,-12.0
26320,2021,297,16,297,297,26,부산,0.05387205387205387,1.0,669.0,642.0,12.0,0.0,669.0,642.0,0.017937219730941704,0.0,1.0,1.0,12.0
26320,2022,175,8,175,175,26,부산,0.045714285714285714,1.0,297.0,669.0,16.0,12.0,297.0,669.0,0.05387205387205387,0.017937219730941704,1.0,1.0,4.0
26320,2023,106,0,106,106,26,부산,0.0,1.0,175.0,297.0,8.0,16.0,175.0,297.0,0.045714285714285714,0.05387205387205387,1.0,1.0,-8.0
26350,2016,757,0,757,757,26,부산,0.0,1.0,,,,,,,,,,,
26350,2017,1562,11,1562,1562,26,부산,0.007042253521126761,1.0,757.0,,0.0,,757.0,,0.0,,1.0,,
26350,2018,976,4,976,976,26,부산,0.004098360655737705,1.0,1562.0,757.0,11.0,0.0,1562.0,757.0,0.007042253521126761,0.0,1.0,1.0,11.0
26350,2019,313,2,313,313,26,부산,0.006389776357827476,1.0,976.0,1562.0,4.0,11.0,976.0,1562.0,0.004098360655737705,0.007042253521126761,1.0,1.0,-7.0
26350,2020,405,23,405,405,26,부산,0.056790123456790124,1.0,313.0,976.0,2.0,4.0,313.0,976.0,0.006389776357827476,0.004098360655737705,1.0,1.0,-2.0
26350,2021,117,0,117,117,26,부산,0.0,1.0,405.0,313.0,23.0,2.0,405.0,313.0,0.056790123456790124,0.006389776357827476,1.0,1.0,21.0
26350,2022,472,52,472,472,26,부산,0.11016949152542373,1.0,117.0,405.0,0.0,23.0,117.0,405.0,0.0,0.056790123456790124,1.0,1.0,-23.0
26350,2023,99,7,99,99,26,부산,0.0707070707070707,1.0,472.0,117.0,52.0,0.0,472.0,117.0,0.11016949152542373,0.0,1.0,1.0,52.0
26380,2016,1020,13,1020,1020,26,부산,0.012745098039215686,1.0,,,,,,,,,,,
26380,2017,443,10,443,443,26,부산,0.022573363431151242,1.0,1020.0,,13.0,,1020.0,,0.012745098039215686,,1.0,,
26380,2018,583,2,483,583,26,부산,0.003430531732418525,1.0,443.0,1020.0,10.0,13.0,443.0,1020.0,0.022573363431151242,0.012745098039215686,1.0,1.0,-3.0
26380,2019,432,5,432,432,26,부산,0.011574074074074073,1.0,583.0,443.0,2.0,10.0,483.0,443.0,0.003430531732418525,0.022573363431151242,1.0,1.0,-8.0
26380,2020,93,1,91,93,26,부산,0.010752688172043012,1.0,432.0,583.0,5.0,2.0,432.0,483.0,0.011574074074074073,0.003430531732418525,1.0,1.0,3.0
26380,2021,446,1,446,446,26,부산,0.002242152466367713,1.0,93.0,432.0,1.0,5.0,91.0,432.0,0.010752688172043012,0.011574074074074073,1.0,1.0,-4.0
26380,2022,418,0,418,418,26,부산,0.0,1.0,446.0,93.0,1.0,1.0,446.0,91.0,0.002242152466367713,0.010752688172043012,1.0,1.0,0.0
26380,2023,11,0,11,11,26,부산,0.0,1.0,418.0,446.0,0.0,1.0,418.0,446.0,0.0,0.002242152466367713,1.0,1.0,-1.0
26410,2016,1805,33,1805,1805,26,부산,0.018282548476454295,1.0,,,,,,,,,,,
26410,2017,5357,179,5357,5357,26,부산,0.03341422437931678,1.0,1805.0,,33.0,,1805.0,,0.018282548476454295,,1.0,,
26410,2018,5187,105,5187,5187,26,부산,0.020242914979757085,1.0,5357.0,1805.0,179.0,33.0,5357.0,1805.0,0.03341422437931678,0.018282548476454295,1.0,1.0,146.0
26410,2019,2564,21,2564,2564,26,부산,0.008190327613104524,1.0,5187.0,5357.0,105.0,179.0,5187.0,5357.0,0.020242914979757085,0.03341422437931678,1.0,1.0,-74.0
26410,2020,2443,13,1674,2443,26,부산,0.005321326238231682,1.0,2564.0,5187.0,21.0,105.0,2564.0,5187.0,0.008190327613104524,0.020242914979757085,1.0,1.0,-84.0
26410,2021,3677,108,3677,3677,26,부산,0.029371770465053033,1.0,2443.0,2564.0,13.0,21.0,1674.0,2564.0,0.005321326238231682,0.008190327613104524,1.0,1.0,-8.0
26410,2022,1771,282,1771,1771,26,부산,0.15923207227555053,1.0,3677.0,2443.0,108.0,13.0,3677.0,1674.0,0.029371770465053033,0.005321326238231682,1.0,1.0,95.0
26410,2023,432,17,432,432,26,부산,0.03935185185185185,1.0,1771.0,3677.0,282.0,108.0,1771.0,3677.0,0.15923207227555053,0.029371770465053033,1.0,1.0,174.0
26440,2016,293,32,293,293,26,부산,0.10921501706484642,1.0,,,,,,,,,,,
26440,2017,382,10,382,382,26,부산,0.02617801047120419,1.0,293.0,,32.0,,293.0,,0.10921501706484642,,1.0,,
26440,2018,441,44,441,441,26,부산,0.09977324263038549,1.0,382.0,293.0,10.0,32.0,382.0,293.0,0.02617801047120419,0.10921501706484642,1.0,1.0,-22.0
26440,2019,327,43,327,327,26,부산,0.13149847094801223,1.0,441.0,382.0,44.0,10.0,441.0,382.0,0.09977324263038549,0.02617801047120419,1.0,1.0,34.0
26440,2020,343,54,343,343,26,부산,0.15743440233236153,1.0,327.0,441.0,43.0,44.0,327.0,441.0,0.13149847094801223,0.09977324263038549,1.0,1.0,-1.0
26440,2021,709,85,709,709,26,부산,0.11988716502115655,1.0,343.0,327.0,54.0,43.0,343.0,327.0,0.15743440233236153,0.13149847094801223,1.0,1.0,11.0
26440,2022,1533,235,1533,1533,26,부산,0.1532941943900848,1.0,709.0,343.0,85.0,54.0,709.0,343.0,0.11988716502115655,0.15743440233236153,1.0,1.0,31.0
26440,2023,895,91,895,895,26,부산,0.10167597765363129,1.0,1533.0,709.0,235.0,85.0,1533.0,709.0,0.1532941943900848,0.11988716502115655,1.0,1.0,150.0
26470,2017,1,0,1,1,26,부산,0.0,1.0,,,,,,,,,,,
26470,2018,7,0,7,7,26,부산,0.0,1.0,1.0,,0.0,,1.0,,0.0,,1.0,,
26470,2022,30,4,30,30,26,부산,0.13333333333333333,1.0,7.0,1.0,0.0,0.0,7.0,1.0,0.0,0.0,1.0,1.0,0.0
26470,2023,1,0,1,1,26,부산,0.0,1.0,30.0,7.0,4.0,0.0,30.0,7.0,0.13333333333333333,0.0,1.0,1.0,4.0
26500,2016,1,0,1,1,26,부산,0.0,1.0,,,,,,,,,,,
26500,2021,176,16,176,176,26,부산,0.09090909090909091,1.0,1.0,,0.0,,1.0,,0.0,,1.0,,
26500,2022,26,6,26,26,26,부산,0.23076923076923078,1.0,176.0,1.0,16.0,0.0,176.0,1.0,0.09090909090909091,0.0,1.0,1.0,16.0
26500,2023,2,0,2,2,26,부산,0.0,1.0,26.0,176.0,6.0,16.0,26.0,176.0,0.23076923076923078,0.09090909090909091,1.0,1.0,-10.0
26530,2020,213,200,213,213,26,부산,0.9389671361502347,1.0,,,,,,,,,,,
26530,2021,114,1,114,114,26,부산,0.008771929824561403,1.0,213.0,,200.0,,213.0,,0.9389671361502347,,1.0,,
26530,2022,145,4,145,145,26,부산,0.027586206896551724,1.0,114.0,213.0,1.0,200.0,114.0,213.0,0.008771929824561403,0.9389671361502347,1.0,1.0,-199.0
26530,2023,9,4,9,9,26,부산,0.4444444444444444,1.0,145.0,114.0,4.0,1.0,145.0,114.0,0.027586206896551724,0.008771929824561403,1.0,1.0,3.0
26710,2016,11813,16,11812,11813,26,부산,0.0013544400237027003,1.0,,,,,,,,,,,
26710,2017,25894,226,25893,25894,26,부산,0.008727890631034217,1.0,11813.0,,16.0,,11812.0,,0.0013544400237027003,,1.0,,
26710,2018,18418,9399,18416,18418,26,부산,0.5103159952220654,1.0,25894.0,11813.0,226.0,16.0,25893.0,11812.0,0.008727890631034217,0.0013544400237027003,1.0,1.0,210.0
26710,2019,7290,6148,7290,7290,26,부산,0.8433470507544581,1.0,18418.0,25894.0,9399.0,226.0,18416.0,25893.0,0.5103159952220654,0.008727890631034217,1.0,1.0,9173.0
26710,2020,5346,1539,5285,5346,26,부산,0.2878787878787879,1.0,7290.0,18418.0,6148.0,9399.0,7290.0,18416.0,0.8433470507544581,0.5103159952220654,1.0,1.0,-3251.0
26710,2021,4916,2126,4910,4916,26,부산,0.4324654190398698,1.0,5346.0,7290.0,1539.0,6148.0,5285.0,7290.0,0.2878787878787879,0.8433470507544581,1.0,1.0,-4609.0
26710,2022,4254,1306,4254,4254,26,부산,0.307005171603197,1.0,4916.0,5346.0,2126.0,1539.0,4910.0,5285.0,0.4324654190398698,0.2878787878787879,1.0,1.0,587.0
26710,2023,32,32,32,32,26,부산,1.0,1.0,4254.0,4916.0,1306.0,2126.0,4254.0,4910.0,0.307005171603197,0.4324654190398698,1.0,1.0,-820.0
27140,2016,145,22,145,145,27,대구,0.15172413793103448,1.0,,,,,,,,,,,
27140,2017,1586,2,340,1586,27,대구,0.0012610340479192938,1.0,145.0,,22.0,,145.0,,0.15172413793103448,,1.0,,
27140,2018,3803,18,3590,3803,27,대구,0.00473310544307126,1.0,1586.0,145.0,2.0,22.0,340.0,145.0,0.0012610340479192938,0.15172413793103448,1.0,1.0,-20.0
27140,2019,2890,8,2835,2890,27,대구,0.002768166089965398,1.0,3803.0,1586.0,18.0,2.0,3590.0,340.0,0.00473310544307126,0.0012610340479192938,1.0,1.0,16.0
27140,2020,1711,327,1711,1711,27,대구,0.19111630625365283,1.0,2890.0,3803.0,8.0,18.0,2835.0,3590.0,0.002768166089965398,0.00473310544307126,1.0,1.0,-10.0
27140,2021,1091,408,957,1091,27,대구,0.37396883593033914,1.0,1711.0,2890.0,327.0,8.0,1711.0,2835.0,0.19111630625365283,0.002768166089965398,1.0,1.0,319.0
27140,2022,1384,871,1377,1379,27,대구,0.6293352601156069,0.9963872832369942,1091.0,1711.0,408.0,327.0,957.0,1711.0,0.37396883593033914,0.19111630625365283,1.0,1.0,81.0
27140,2023,686,184,686,686,27,대구,0.26822157434402333,1.0,1384.0,1091.0,871.0,408.0,1377.0,957.0,0.6293352601156069,0.37396883593033914,0.9963872832369942,1.0,463.0
27170,2016,84,7,84,84,27,대구,0.08333333333333333,1.0,,,,,,,,,,,
27170,2017,382,0,231,382,27,대구,0.0,1.0,84.0,,7.0,,84.0,,0.08333333333333333,,1.0,,
27170,2018,59,46,59,59,27,대구,0.7796610169491526,1.0,382.0,84.0,0.0,7.0,231.0,84.0,0.0,0.08333333333333333,1.0,1.0,-7.0
27170,2019,67,21,67,67,27,대구,0.31343283582089554,1.0,59.0,382.0,46.0,0.0,59.0,231.0,0.7796610169491526,0.0,1.0,1.0,46.0
27170,2020,8,0,8,8,27,대구,0.0,1.0,67.0,59.0,21.0,46.0,67.0,59.0,0.31343283582089554,0.7796610169491526,1.0,1.0,-25.0
27170,2021,61,17,61,61,27,대구,0.2786885245901639,1.0,8.0,67.0,0.0,21.0,8.0,67.0,0.0,0.31343283582089554,1.0,1.0,-21.0
27170,2022,65,46,65,65,27,대구,0.7076923076923077,1.0,61.0,8.0,17.0,0.0,61.0,8.0,0.2786885245901639,0.0,1.0,1.0,17.0
27170,2023,30,13,30,30,27,대구,0.43333333333333335,1.0,65.0,61.0,46.0,17.0,65.0,61.0,0.7076923076923077,0.2786885245901639,1.0,1.0,29.0
27200,2020,1,1,1,1,27,대구,1.0,1.0,,,,,,,,,,,
27230,2016,6053,2282,6053,6053,27,대구,0.37700313893936893,1.0,,,,,,,,,,,
27230,2017,977,163,977,977,27,대구,0.1668372569089048,1.0,6053.0,,2282.0,,6053.0,,0.37700313893936893,,1.0,,
27230,2018,19344,2041,19344,19344,27,대구,0.10551075268817205,1.0,977.0,6053.0,163.0,2282.0,977.0,6053.0,0.1668372569089048,0.37700313893936893,1.0,1.0,-2119.0
27230,2019,6087,854,6087,6087,27,대구,0.14029899786430097,1.0,19344.0,977.0,2041.0,163.0,19344.0,977.0,0.10551075268817205,0.1668372569089048,1.0,1.0,1878.0
27230,2020,11770,1115,11574,11770,27,대구,0.09473237043330501,1.0,6087.0,19344.0,854.0,2041.0,6087.0,19344.0,0.14029899786430097,0.10551075268817205,1.0,1.0,-1187.0
27230,2021,5792,1257,5792,5792,27,대구,0.21702348066298344,1.0,11770.0,6087.0,1115.0,854.0,11574.0,6087.0,0.09473237043330501,0.14029899786430097,1.0,1.0,261.0
27230,2022,17328,7175,17104,17328,27,대구,0.4140697137580794,1.0,5792.0,11770.0,1257.0,1115.0,5792.0,11574.0,0.21702348066298344,0.09473237043330501,1.0,1.0,142.0
27230,2023,4094,3536,4086,4094,27,대구,0.8637029799706888,1.0,17328.0,5792.0,7175.0,1257.0,17104.0,5792.0,0.4140697137580794,0.21702348066298344,1.0,1.0,5918.0
27260,2016,15,8,15,15,27,대구,0.5333333333333333,1.0,,,,,,,,,,,
27260,2017,136,18,136,136,27,대구,0.1323529411764706,1.0,15.0,,8.0,,15.0,,0.5333333333333333,,1.0,,
27260,2018,1302,2,1302,1302,27,대구,0.0015360983102918587,1.0,136.0,15.0,18.0,8.0,136.0,15.0,0.1323529411764706,0.5333333333333333,1.0,1.0,10.0
27260,2019,780,3,780,780,27,대구,0.0038461538461538464,1.0,1302.0,136.0,2.0,18.0,1302.0,136.0,0.0015360983102918587,0.1323529411764706,1.0,1.0,-16.0
27260,2020,202,1,177,202,27,대구,0.0049504950495049506,1.0,780.0,1302.0,3.0,2.0,780.0,1302.0,0.0038461538461538464,0.0015360983102918587,1.0,1.0,1.0
27260,2021,14,0,14,14,27,대구,0.0,1.0,202.0,780.0,1.0,3.0,177.0,780.0,0.0049504950495049506,0.0038461538461538464,1.0,1.0,-2.0
27260,2022,114,0,114,114,27,대구,0.0,1.0,14.0,202.0,0.0,1.0,14.0,177.0,0.0,0.0049504950495049506,1.0,1.0,-1.0
27260,2023,414,5,414,414,27,대구,0.012077294685990338,1.0,114.0,14.0,0.0,0.0,114.0,14.0,0.0,0.0,1.0,1.0,0.0
27290,2016,150,15,150,150,27,대구,0.1,1.0,,,,,,,,,,,
27290,2017,435,4,420,435,27,대구,0.009195402298850575,1.0,150.0,,15.0,,150.0,,0.1,,1.0,,
27290,2018,927,49,927,927,27,대구,0.05285868392664509,1.0,435.0,150.0,4.0,15.0,420.0,150.0,0.009195402298850575,0.1,1.0,1.0,-11.0
27290,2019,879,12,856,879,27,대구,0.013651877133105802,1.0,927.0,435.0,49.0,4.0,927.0,420.0,0.05285868392664509,0.009195402298850575,1.0,1.0,45.0
27290,2020,638,170,590,638,27,대구,0.2664576802507837,1.0,879.0,927.0,12.0,49.0,856.0,927.0,0.013651877133105802,0.05285868392664509,1.0,1.0,-37.0
27290,2021,2199,126,2176,2199,27,대구,0.0572987721691678,1.0,638.0,879.0,170.0,12.0,590.0,856.0,0.2664576802507837,0.013651877133105802,1.0,1.0,158.0
27290,2022,1521,303,1491,1521,27,대구,0.1992110453648915,1.0,2199.0,638.0,126.0,170.0,2176.0,590.0,0.0572987721691678,0.2664576802507837,1.0,1.0,-44.0
27290,2023,163,40,163,163,27,대구,0.24539877300613497,1.0,1521.0,2199.0,303.0,126.0,1491.0,2176.0,0.1992110453648915,0.0572987721691678,1.0,1.0,177.0
27710,2016,2237,1,1853,2237,27,대구,0.0004470272686633885,1.0,,,,,,,,,,,
27710,2017,27823,3114,27543,27823,27,대구,0.11192179132372497,1.0,2237.0,,1.0,,1853.0,,0.0004470272686633885,,1.0,,
27710,2018,54505,2304,51992,54505,27,대구,0.0422713512521787,1.0,27823.0,2237.0,3114.0,1.0,27543.0,1853.0,0.11192179132372497,0.0004470272686633885,1.0,1.0,3113.0
27710,2019,45904,173,45416,45904,27,대구,0.0037687347507842453,1.0,54505.0,27823.0,2304.0,3114.0,51992.0,27543.0,0.0422713512521787,0.11192179132372497,1.0,1.0,-810.0
27710,2020,23605,8832,23383,23605,27,대구,0.37415801736920146,1.0,45904.0,54505.0,173.0,2304.0,45416.0,51992.0,0.0037687347507842453,0.0422713512521787,1.0,1.0,-2131.0
27710,2021,23105,1951,23105,23105,27,대구,0.08444059727331746,1.0,23605.0,45904.0,8832.0,173.0,23383.0,45416.0,0.37415801736920146,0.0037687347507842453,1.0,1.0,8659.0
27710,2022,53442,24499,52993,53442,27,대구,0.4584222147374724,1.0,23105.0,23605.0,1951.0,8832.0,23105.0,23383.0,0.08444059727331746,0.37415801736920146,1.0,1.0,-6881.0
27710,2023,21197,15330,21128,21197,27,대구,0.7232155493701939,1.0,53442.0,23105.0,24499.0,1951.0,52993.0,23105.0,0.4584222147374724,0.08444059727331746,1.0,1.0,22548.0
27720,2016,12287,104,12287,12287,27,대구,0.008464230487507121,1.0,,,,,,,,,,,
27720,2017,7458,129,7458,7458,27,대구,0.01729686242960579,1.0,12287.0,,104.0,,12287.0,,0.008464230487507121,,1.0,,
27720,2018,3545,620,3545,3545,27,대구,0.17489421720733428,1.0,7458.0,12287.0,129.0,104.0,7458.0,12287.0,0.01729686242960579,0.008464230487507121,1.0,1.0,25.0
27720,2019,4532,2,4532,4532,27,대구,0.000441306266548985,1.0,3545.0,7458.0,620.0,129.0,3545.0,7458.0,0.17489421720733428,0.01729686242960579,1.0,1.0,491.0
27720,2020,21501,1775,17382,21501,27,대구,0.0825542998000093,1.0,4532.0,3545.0,2.0,620.0,4532.0,3545.0,0.000441306266548985,0.17489421720733428,1.0,1.0,-618.0
27720,2021,8762,736,5236,8762,27,대구,0.08399908696644602,1.0,21501.0,4532.0,1775.0,2.0,17382.0,4532.0,0.0825542998000093,0.000441306266548985,1.0,1.0,1773.0
27720,2022,2810,989,2734,2810,27,대구,0.3519572953736655,1.0,8762.0,21501.0,736.0,1775.0,5236.0,17382.0,0.08399908696644602,0.0825542998000093,1.0,1.0,-1039.0
29110,2016,1,0,1,1,29,광주,0.0,1.0,,,,,,,,,,,
29140,2016,554,3,554,554,29,광주,0.005415162454873646,1.0,,,,,,,,,,,
29140,2017,283,4,283,283,29,광주,0.014134275618374558,1.0,554.0,,3.0,,554.0,,0.005415162454873646,,1.0,,
29140,2019,294,9,294,294,29,광주,0.030612244897959183,1.0,283.0,554.0,4.0,3.0,283.0,554.0,0.014134275618374558,0.005415162454873646,1.0,1.0,1.0
29140,2020,27,14,27,27,29,광주,0.5185185185185185,1.0,294.0,283.0,9.0,4.0,294.0,283.0,0.030612244897959183,0.014134275618374558,1.0,1.0,5.0
29140,2021,107,2,107,107,29,광주,0.018691588785046728,1.0,27.0,294.0,14.0,9.0,27.0,294.0,0.5185185185185185,0.030612244897959183,1.0,1.0,5.0
29155,2016,1711,1,1711,1711,29,광주,0.0005844535359438924,1.0,,,,,,,,,,,
29155,2017,32,0,32,32,29,광주,0.0,1.0,1711.0,,1.0,,1711.0,,0.0005844535359438924,,1.0,,
29155,2019,7,7,7,7,29,광주,1.0,1.0,32.0,1711.0,0.0,1.0,32.0,1711.0,0.0,0.0005844535359438924,1.0,1.0,-1.0
29155,2020,3,3,3,3,29,광주,1.0,1.0,7.0,32.0,7.0,0.0,7.0,32.0,1.0,0.0,1.0,1.0,7.0
29155,2021,11,0,11,11,29,광주,0.0,1.0,3.0,7.0,3.0,7.0,3.0,7.0,1.0,1.0,1.0,1.0,-4.0
29155,2022,1,1,1,1,29,광주,1.0,1.0,11.0,3.0,0.0,3.0,11.0,3.0,0.0,1.0,1.0,1.0,-3.0
29170,2016,1,0,1,1,29,광주,0.0,1.0,,,,,,,,,,,
29200,2016,1880,18,1880,1880,29,광주,0.009574468085106383,1.0,,,,,,,,,,,
29200,2019,6,6,6,6,29,광주,1.0,1.0,1880.0,,18.0,,1880.0,,0.009574468085106383,,1.0,,
29200,2020,374,98,374,374,29,광주,0.2620320855614973,1.0,6.0,1880.0,6.0,18.0,6.0,1880.0,1.0,0.009574468085106383,1.0,1.0,-12.0
29200,2021,4321,967,4321,4321,29,광주,0.2237907891691738,1.0,374.0,6.0,98.0,6.0,374.0,6.0,0.2620320855614973,1.0,1.0,1.0,92.0
29200,2022,3270,1090,3270,3270,29,광주,0.3333333333333333,1.0,4321.0,374.0,967.0,98.0,4321.0,374.0,0.2237907891691738,0.2620320855614973,1.0,1.0,869.0
29200,2023,12040,4159,12040,7112,29,광주,0.34543189368770766,0.5906976744186047,3270.0,4321.0,1090.0,967.0,3270.0,4321.0,0.3333333333333333,0.2237907891691738,1.0,1.0,123.0
30200,2018,12,7,11,12,30,대전,0.5833333333333334,1.0,,,,,,,,,,,
30200,2020,6,4,6,6,30,대전,0.6666666666666666,1.0,12.0,,7.0,,11.0,,0.5833333333333334,,1.0,,
30200,2021,7,7,7,7,30,대전,1.0,1.0,6.0,12.0,4.0,7.0,6.0,11.0,0.6666666666666666,0.5833333333333334,1.0,1.0,-3.0
30200,2022,73,7,73,73,30,대전,0.0958904109589041,1.0,7.0,6.0,7.0,4.0,7.0,6.0,1.0,0.6666666666666666,1.0,1.0,3.0
30200,2023,55,2,55,55,30,대전,0.03636363636363636,1.0,73.0,7.0,7.0,7.0,73.0,7.0,0.0958904109589041,1.0,1.0,1.0,0.0
31110,2016,13872,8983,13333,13872,31,울산,0.6475634371395617,1.0,,,,,,,,,,,
31110,2017,13263,6354,13051,13263,31,울산,0.4790771318706175,1.0,13872.0,,8983.0,,13333.0,,0.6475634371395617,,1.0,,
31110,2018,14408,4127,14402,14408,31,울산,0.2864380899500278,1.0,13263.0,13872.0,6354.0,8983.0,13051.0,13333.0,0.4790771318706175,0.6475634371395617,1.0,1.0,-2629.0
31110,2019,8080,2559,8080,8080,31,울산,0.3167079207920792,1.0,14408.0,13263.0,4127.0,6354.0,14402.0,13051.0,0.2864380899500278,0.4790771318706175,1.0,1.0,-2227.0
31110,2020,7049,2652,7049,7049,31,울산,0.3762235778124557,1.0,8080.0,14408.0,2559.0,4127.0,8080.0,14402.0,0.3167079207920792,0.2864380899500278,1.0,1.0,-1568.0
31110,2021,3488,1136,3488,3488,31,울산,0.3256880733944954,1.0,7049.0,8080.0,2652.0,2559.0,7049.0,8080.0,0.3762235778124557,0.3167079207920792,1.0,1.0,93.0
31110,2022,8047,3463,8047,8047,31,울산,0.430346713060768,1.0,3488.0,7049.0,1136.0,2652.0,3488.0,7049.0,0.3256880733944954,0.3762235778124557,1.0,1.0,-1516.0
31110,2023,495,245,495,495,31,울산,0.494949494949495,1.0,8047.0,3488.0,3463.0,1136.0,8047.0,3488.0,0.430346713060768,0.3256880733944954,1.0,1.0,2327.0
31140,2016,527,366,526,527,31,울산,0.6944971537001897,1.0,,,,,,,,,,,
31140,2017,1419,1380,1419,1419,31,울산,0.9725158562367865,1.0,527.0,,366.0,,526.0,,0.6944971537001897,,1.0,,
31140,2018,2047,1340,2046,2047,31,울산,0.6546165119687347,1.0,1419.0,527.0,1380.0,366.0,1419.0,526.0,0.9725158562367865,0.6944971537001897,1.0,1.0,1014.0
31140,2019,2857,515,2857,2857,31,울산,0.18025901295064753,1.0,2047.0,1419.0,1340.0,1380.0,2046.0,1419.0,0.6546165119687347,0.9725158562367865,1.0,1.0,-40.0
31140,2020,2338,56,2338,2338,31,울산,0.023952095808383235,1.0,2857.0,2047.0,515.0,1340.0,2857.0,2046.0,0.18025901295064753,0.6546165119687347,1.0,1.0,-825.0
31140,2021,246,103,246,246,31,울산,0.4186991869918699,1.0,2338.0,2857.0,56.0,515.0,2338.0,2857.0,0.023952095808383235,0.18025901295064753,1.0,1.0,-459.0
31140,2022,150,69,150,150,31,울산,0.46,1.0,246.0,2338.0,103.0,56.0,246.0,2338.0,0.4186991869918699,0.023952095808383235,1.0,1.0,47.0
31140,2023,87,25,87,87,31,울산,0.28735632183908044,1.0,150.0,246.0,69.0,103.0,150.0,246.0,0.46,0.4186991869918699,1.0,1.0,-34.0
31170,2016,11540,10259,11540,11540,31,울산,0.8889948006932409,1.0,,,,,,,,,,,
31170,2017,22818,11140,22741,22818,31,울산,0.48821106144272064,1.0,11540.0,,10259.0,,11540.0,,0.8889948006932409,,1.0,,
31170,2018,14917,6305,14917,14917,31,울산,0.422672119058792,1.0,22818.0,11540.0,11140.0,10259.0,22741.0,11540.0,0.48821106144272064,0.8889948006932409,1.0,1.0,881.0
31170,2019,9254,3284,9254,9254,31,울산,0.35487356818673005,1.0,14917.0,22818.0,6305.0,11140.0,14917.0,22741.0,0.422672119058792,0.48821106144272064,1.0,1.0,-4835.0
31170,2020,5423,2001,5423,5423,31,울산,0.3689839572192513,1.0,9254.0,14917.0,3284.0,6305.0,9254.0,14917.0,0.35487356818673005,0.422672119058792,1.0,1.0,-3021.0
31170,2021,2351,1283,2351,2351,31,울산,0.5457252233092301,1.0,5423.0,9254.0,2001.0,3284.0,5423.0,9254.0,0.3689839572192513,0.35487356818673005,1.0,1.0,-1283.0
31170,2022,1662,581,1662,1662,31,울산,0.34957882069795426,1.0,2351.0,5423.0,1283.0,2001.0,2351.0,5423.0,0.5457252233092301,0.3689839572192513,1.0,1.0,-718.0
31170,2023,493,141,493,493,31,울산,0.28600405679513186,1.0,1662.0,2351.0,581.0,1283.0,1662.0,2351.0,0.34957882069795426,0.5457252233092301,1.0,1.0,-702.0
31200,2016,26835,15110,26801,26835,31,울산,0.56307061673188,1.0,,,,,,,,,,,
31200,2017,106354,28372,105171,106354,31,울산,0.26676946800308404,1.0,26835.0,,15110.0,,26801.0,,0.56307061673188,,1.0,,
31200,2018,90067,25970,90066,90067,31,울산,0.28834090177312444,1.0,106354.0,26835.0,28372.0,15110.0,105171.0,26801.0,0.26676946800308404,0.56307061673188,1.0,1.0,13262.0
31200,2019,57513,15476,57513,57513,31,울산,0.2690869890285675,1.0,90067.0,106354.0,25970.0,28372.0,90066.0,105171.0,0.28834090177312444,0.26676946800308404,1.0,1.0,-2402.0
31200,2020,38819,9694,38742,38819,31,울산,0.24972307375254385,1.0,57513.0,90067.0,15476.0,25970.0,57513.0,90066.0,0.2690869890285675,0.28834090177312444,1.0,1.0,-10494.0
31200,2021,21893,8183,21893,21893,31,울산,0.3737724386790298,1.0,38819.0,57513.0,9694.0,15476.0,38742.0,57513.0,0.24972307375254385,0.2690869890285675,1.0,1.0,-5782.0
31200,2022,17465,10568,17460,17465,31,울산,0.6050959060979101,1.0,21893.0,38819.0,8183.0,9694.0,21893.0,38742.0,0.3737724386790298,0.24972307375254385,1.0,1.0,-1511.0
31200,2023,5713,4539,5711,5713,31,울산,0.794503763346753,1.0,17465.0,21893.0,10568.0,8183.0,17460.0,21893.0,0.6050959060979101,0.3737724386790298,1.0,1.0,2385.0
31710,2016,155110,86582,152737,155110,31,울산,0.5581974082908904,1.0,,,,,,,,,,,
31710,2017,176253,90977,174022,176253,31,울산,0.5161727743641243,1.0,155110.0,,86582.0,,152737.0,,0.5581974082908904,,1.0,,
31710,2018,169071,59682,168203,169071,31,울산,0.3529996273754813,1.0,176253.0,155110.0,90977.0,86582.0,174022.0,152737.0,0.5161727743641243,0.5581974082908904,1.0,1.0,4395.0
31710,2019,162615,58778,162615,162615,31,울산,0.36145497032869045,1.0,169071.0,176253.0,59682.0,90977.0,168203.0,174022.0,0.3529996273754813,0.5161727743641243,1.0,1.0,-31295.0
31710,2020,81388,23217,81006,81388,31,울산,0.28526318376173393,1.0,162615.0,169071.0,58778.0,59682.0,162615.0,168203.0,0.36145497032869045,0.3529996273754813,1.0,1.0,-904.0
31710,2021,59459,19600,59254,59459,31,울산,0.3296389108461293,1.0,81388.0,162615.0,23217.0,58778.0,81006.0,162615.0,0.28526318376173393,0.36145497032869045,1.0,1.0,-35561.0
31710,2022,66656,25976,66656,65641,31,울산,0.38970235237638023,0.9847725636101776,59459.0,81388.0,19600.0,23217.0,59254.0,81006.0,0.3296389108461293,0.28526318376173393,1.0,1.0,-3617.0
31710,2023,27780,14297,27780,22302,31,울산,0.5146508279337653,0.8028077753779698,66656.0,59459.0,25976.0,19600.0,66656.0,59254.0,0.38970235237638023,0.3296389108461293,0.9847725636101776,1.0,6376.0
36110,2016,6756,28,1298,6756,36,세종,0.0041444641799881585,1.0,,,,,,,,,,,
36110,2017,4386,26,1420,4386,36,세종,0.005927952576379389,1.0,6756.0,,28.0,,1298.0,,0.0041444641799881585,,1.0,,
36110,2018,3729,4,2032,3729,36,세종,0.0010726736390453205,1.0,4386.0,6756.0,26.0,28.0,1420.0,1298.0,0.005927952576379389,0.0041444641799881585,1.0,1.0,-2.0
36110,2019,494,49,199,494,36,세종,0.09919028340080972,1.0,3729.0,4386.0,4.0,26.0,2032.0,1420.0,0.0010726736390453205,0.005927952576379389,1.0,1.0,-22.0
36110,2020,422,20,54,422,36,세종,0.04739336492890995,1.0,494.0,3729.0,49.0,4.0,199.0,2032.0,0.09919028340080972,0.0010726736390453205,1.0,1.0,45.0
36110,2021,256,15,23,256,36,세종,0.05859375,1.0,422.0,494.0,20.0,49.0,54.0,199.0,0.04739336492890995,0.09919028340080972,1.0,1.0,-29.0
36110,2022,7,4,4,7,36,세종,0.5714285714285714,1.0,256.0,422.0,15.0,20.0,23.0,54.0,0.05859375,0.04739336492890995,1.0,1.0,-5.0
36110,2023,30,0,27,30,36,세종,0.0,1.0,7.0,256.0,4.0,15.0,4.0,23.0,0.5714285714285714,0.05859375,1.0,1.0,-11.0
41131,2017,180,145,153,180,41,경기,0.8055555555555556,1.0,,,,,,,,,,,
41131,2018,136,18,136,136,41,경기,0.1323529411764706,1.0,180.0,,145.0,,153.0,,0.8055555555555556,,1.0,,
41131,2019,135,131,135,135,41,경기,0.9703703703703703,1.0,136.0,180.0,18.0,145.0,136.0,153.0,0.1323529411764706,0.8055555555555556,1.0,1.0,-127.0
41131,2020,50,1,50,50,41,경기,0.02,1.0,135.0,136.0,131.0,18.0,135.0,136.0,0.9703703703703703,0.1323529411764706,1.0,1.0,113.0
41131,2021,47,45,47,47,41,경기,0.9574468085106383,1.0,50.0,135.0,1.0,131.0,50.0,135.0,0.02,0.9703703703703703,1.0,1.0,-130.0
41131,2022,2,1,2,2,41,경기,0.5,1.0,47.0,50.0,45.0,1.0,47.0,50.0,0.9574468085106383,0.02,1.0,1.0,44.0
41131,2023,2,0,0,2,41,경기,0.0,1.0,2.0,47.0,1.0,45.0,2.0,47.0,0.5,0.9574468085106383,1.0,1.0,-44.0
41133,2016,325,297,325,325,41,경기,0.9138461538461539,1.0,,,,,,,,,,,
41133,2017,275,275,275,275,41,경기,1.0,1.0,325.0,,297.0,,325.0,,0.9138461538461539,,1.0,,
41133,2018,567,555,560,567,41,경기,0.9788359788359788,1.0,275.0,325.0,275.0,297.0,275.0,325.0,1.0,0.9138461538461539,1.0,1.0,-22.0
41133,2019,188,178,188,188,41,경기,0.9468085106382979,1.0,567.0,275.0,555.0,275.0,560.0,275.0,0.9788359788359788,1.0,1.0,1.0,280.0
41133,2020,20,3,20,20,41,경기,0.15,1.0,188.0,567.0,178.0,555.0,188.0,560.0,0.9468085106382979,0.9788359788359788,1.0,1.0,-377.0
41133,2021,81,81,81,81,41,경기,1.0,1.0,20.0,188.0,3.0,178.0,20.0,188.0,0.15,0.9468085106382979,1.0,1.0,-175.0
41133,2022,2,1,2,2,41,경기,0.5,1.0,81.0,20.0,81.0,3.0,81.0,20.0,1.0,0.15,1.0,1.0,78.0
41133,2023,93,0,15,93,41,경기,0.0,1.0,2.0,81.0,1.0,81.0,2.0,81.0,0.5,1.0,1.0,1.0,-80.0
41135,2016,1435,1098,1435,1435,41,경기,0.7651567944250871,1.0,,,,,,,,,,,
41135,2017,220,205,210,220,41,경기,0.9318181818181818,1.0,1435.0,,1098.0,,1435.0,,0.7651567944250871,,1.0,,
41135,2018,1835,1224,1370,1835,41,경기,0.6670299727520436,1.0,220.0,1435.0,205.0,1098.0,210.0,1435.0,0.9318181818181818,0.7651567944250871,1.0,1.0,-893.0
41135,2019,625,604,625,625,41,경기,0.9664,1.0,1835.0,220.0,1224.0,205.0,1370.0,210.0,0.6670299727520436,0.9318181818181818,1.0,1.0,1019.0
41135,2020,182,6,182,182,41,경기,0.03296703296703297,1.0,625.0,1835.0,604.0,1224.0,625.0,1370.0,0.9664,0.6670299727520436,1.0,1.0,-620.0
41135,2021,285,284,285,285,41,경기,0.9964912280701754,1.0,182.0,625.0,6.0,604.0,182.0,625.0,0.03296703296703297,0.9664,1.0,1.0,-598.0
41135,2022,41,22,41,41,41,경기,0.5365853658536586,1.0,285.0,182.0,284.0,6.0,285.0,182.0,0.9964912280701754,0.03296703296703297,1.0,1.0,278.0
41135,2023,1031,0,651,1031,41,경기,0.0,1.0,41.0,285.0,22.0,284.0,41.0,285.0,0.5365853658536586,0.9964912280701754,1.0,1.0,-262.0
41150,2016,15,1,15,15,41,경기,0.06666666666666667,1.0,,,,,,,,,,,
41220,2016,272,93,272,272,41,경기,0.34191176470588236,1.0,,,,,,,,,,,
41220,2017,49,13,49,49,41,경기,0.2653061224489796,1.0,272.0,,93.0,,272.0,,0.34191176470588236,,1.0,,
41220,2018,138,9,138,138,41,경기,0.06521739130434782,1.0,49.0,272.0,13.0,93.0,49.0,272.0,0.2653061224489796,0.34191176470588236,1.0,1.0,-80.0
41220,2019,777,3,777,777,41,경기,0.003861003861003861,1.0,138.0,49.0,9.0,13.0,138.0,49.0,0.06521739130434782,0.2653061224489796,1.0,1.0,-4.0
41220,2020,685,40,685,685,41,경기,0.058394160583941604,1.0,777.0,138.0,3.0,9.0,777.0,138.0,0.003861003861003861,0.06521739130434782,1.0,1.0,-6.0
41220,2021,3459,319,3442,3459,41,경기,0.09222318589187627,1.0,685.0,777.0,40.0,3.0,685.0,777.0,0.058394160583941604,0.003861003861003861,1.0,1.0,37.0
41220,2022,560,165,560,560,41,경기,0.29464285714285715,1.0,3459.0,685.0,319.0,40.0,3442.0,685.0,0.09222318589187627,0.058394160583941604,1.0,1.0,279.0
41220,2023,288,0,288,288,41,경기,0.0,1.0,560.0,3459.0,165.0,319.0,560.0,3442.0,0.29464285714285715,0.09222318589187627,1.0,1.0,-154.0
41250,2016,154,71,154,154,41,경기,0.461038961038961,1.0,,,,,,,,,,,
41250,2017,53,16,53,53,41,경기,0.3018867924528302,1.0,154.0,,71.0,,154.0,,0.461038961038961,,1.0,,
41250,2018,21,5,21,21,41,경기,0.23809523809523808,1.0,53.0,154.0,16.0,71.0,53.0,154.0,0.3018867924528302,0.461038961038961,1.0,1.0,-55.0
41250,2019,33,17,33,33,41,경기,0.5151515151515151,1.0,21.0,53.0,5.0,16.0,21.0,53.0,0.23809523809523808,0.3018867924528302,1.0,1.0,-11.0
41250,2020,287,1,287,287,41,경기,0.003484320557491289,1.0,33.0,21.0,17.0,5.0,33.0,21.0,0.5151515151515151,0.23809523809523808,1.0,1.0,12.0
41250,2021,8,0,8,8,41,경기,0.0,1.0,287.0,33.0,1.0,17.0,287.0,33.0,0.003484320557491289,0.5151515151515151,1.0,1.0,-16.0
41250,2022,137,34,137,137,41,경기,0.24817518248175183,1.0,8.0,287.0,0.0,1.0,8.0,287.0,0.0,0.003484320557491289,1.0,1.0,-1.0
41250,2023,34,32,34,34,41,경기,0.9411764705882353,1.0,137.0,8.0,34.0,0.0,137.0,8.0,0.24817518248175183,0.0,1.0,1.0,34.0
41290,2019,3,0,3,3,41,경기,0.0,1.0,,,,,,,,,,,
41360,2016,8694,6404,8694,8694,41,경기,0.7365999539912583,1.0,,,,,,,,,,,
41360,2017,7812,3900,6070,7812,41,경기,0.49923195084485406,1.0,8694.0,,6404.0,,8694.0,,0.7365999539912583,,1.0,,
41360,2018,9955,4328,8347,9955,41,경기,0.4347564038171773,1.0,7812.0,8694.0,3900.0,6404.0,6070.0,8694.0,0.49923195084485406,0.7365999539912583,1.0,1.0,-2504.0
41360,2019,5957,4116,3702,5957,41,경기,0.690951821386604,1.0,9955.0,7812.0,4328.0,3900.0,8347.0,6070.0,0.4347564038171773,0.49923195084485406,1.0,1.0,428.0
41360,2020,19760,10119,15293,19760,41,경기,0.5120951417004048,1.0,5957.0,9955.0,4116.0,4328.0,3702.0,8347.0,0.690951821386604,0.4347564038171773,1.0,1.0,-212.0
41360,2021,13842,7330,13630,13842,41,경기,0.5295477532148534,1.0,19760.0,5957.0,10119.0,4116.0,15293.0,3702.0,0.5120951417004048,0.690951821386604,1.0,1.0,6003.0
41360,2022,15972,5726,15966,15877,41,경기,0.35850237916353617,0.9940520911595292,13842.0,19760.0,7330.0,10119.0,13630.0,15293.0,0.5295477532148534,0.5120951417004048,1.0,1.0,-2789.0
41360,2023,1147,155,1147,889,41,경기,0.13513513513513514,0.7750653879686138,15972.0,13842.0,5726.0,7330.0,15966.0,13630.0,0.35850237916353617,0.5295477532148534,0.9940520911595292,1.0,-1604.0
41430,2016,80,0,80,80,41,경기,0.0,1.0,,,,,,,,,,,
41430,2017,89,7,89,89,41,경기,0.07865168539325842,1.0,80.0,,0.0,,80.0,,0.0,,1.0,,
41430,2018,307,5,30,307,41,경기,0.016286644951140065,1.0,89.0,80.0,7.0,0.0,89.0,80.0,0.07865168539325842,0.0,1.0,1.0,7.0
41430,2019,11,0,11,11,41,경기,0.0,1.0,307.0,89.0,5.0,7.0,30.0,89.0,0.016286644951140065,0.07865168539325842,1.0,1.0,-2.0
41430,2022,1,1,1,1,41,경기,1.0,1.0,11.0,307.0,0.0,5.0,11.0,30.0,0.0,0.016286644951140065,1.0,1.0,-5.0
41430,2023,36,0,0,36,41,경기,0.0,1.0,1.0,11.0,1.0,0.0,1.0,11.0,1.0,0.0,1.0,1.0,1.0
41450,2016,1777,544,1777,1777,41,경기,0.3061339335959482,1.0,,,,,,,,,,,
41450,2017,1523,140,1434,1523,41,경기,0.09192383453709783,1.0,1777.0,,544.0,,1777.0,,0.3061339335959482,,1.0,,
41450,2018,419,62,396,419,41,경기,0.14797136038186157,1.0,1523.0,1777.0,140.0,544.0,1434.0,1777.0,0.09192383453709783,0.3061339335959482,1.0,1.0,-404.0
41450,2019,996,20,991,996,41,경기,0.020080321285140562,1.0,419.0,1523.0,62.0,140.0,396.0,1434.0,0.14797136038186157,0.09192383453709783,1.0,1.0,-78.0
41450,2020,385,6,385,385,41,경기,0.015584415584415584,1.0,996.0,419.0,20.0,62.0,991.0,396.0,0.020080321285140562,0.14797136038186157,1.0,1.0,-42.0
41450,2021,121,73,121,121,41,경기,0.6033057851239669,1.0,385.0,996.0,6.0,20.0,385.0,991.0,0.015584415584415584,0.020080321285140562,1.0,1.0,-14.0
41450,2022,812,218,812,812,41,경기,0.2684729064039409,1.0,121.0,385.0,73.0,6.0,121.0,385.0,0.6033057851239669,0.015584415584415584,1.0,1.0,67.0
41450,2023,925,113,925,925,41,경기,0.12216216216216216,1.0,812.0,121.0,218.0,73.0,812.0,121.0,0.2684729064039409,0.6033057851239669,1.0,1.0,145.0
41461,2016,786,781,786,786,41,경기,0.9936386768447837,1.0,,,,,,,,,,,
41461,2017,2111,2095,2111,2111,41,경기,0.9924206537186168,1.0,786.0,,781.0,,786.0,,0.9936386768447837,,1.0,,
41461,2018,1361,1101,1356,1361,41,경기,0.8089639970609845,1.0,2111.0,786.0,2095.0,781.0,2111.0,786.0,0.9924206537186168,0.9936386768447837,1.0,1.0,1314.0
41461,2019,1024,248,1024,1024,41,경기,0.2421875,1.0,1361.0,2111.0,1101.0,2095.0,1356.0,2111.0,0.8089639970609845,0.9924206537186168,1.0,1.0,-994.0
41461,2020,1151,257,1132,1151,41,경기,0.22328410078192876,1.0,1024.0,1361.0,248.0,1101.0,1024.0,1356.0,0.2421875,0.8089639970609845,1.0,1.0,-853.0
41461,2021,346,14,342,346,41,경기,0.04046242774566474,1.0,1151.0,1024.0,257.0,248.0,1132.0,1024.0,0.22328410078192876,0.2421875,1.0,1.0,9.0
41461,2022,2063,746,2063,2063,41,경기,0.3616093068347067,1.0,346.0,1151.0,14.0,257.0,342.0,1132.0,0.04046242774566474,0.22328410078192876,1.0,1.0,-243.0
41461,2023,304,50,304,304,41,경기,0.16447368421052633,1.0,2063.0,346.0,746.0,14.0,2063.0,342.0,0.3616093068347067,0.04046242774566474,1.0,1.0,732.0
41463,2016,86,74,86,86,41,경기,0.8604651162790697,1.0,,,,,,,,,,,
41463,2017,200,200,200,200,41,경기,1.0,1.0,86.0,,74.0,,86.0,,0.8604651162790697,,1.0,,
41463,2018,204,86,204,204,41,경기,0.4215686274509804,1.0,200.0,86.0,200.0,74.0,200.0,86.0,1.0,0.8604651162790697,1.0,1.0,126.0
41463,2019,249,39,249,249,41,경기,0.1566265060240964,1.0,204.0,200.0,86.0,200.0,204.0,200.0,0.4215686274509804,1.0,1.0,1.0,-114.0
41463,2020,175,56,175,175,41,경기,0.32,1.0,249.0,204.0,39.0,86.0,249.0,204.0,0.1566265060240964,0.4215686274509804,1.0,1.0,-47.0
41463,2021,14,0,14,14,41,경기,0.0,1.0,175.0,249.0,56.0,39.0,175.0,249.0,0.32,0.1566265060240964,1.0,1.0,17.0
41463,2022,44,14,44,44,41,경기,0.3181818181818182,1.0,14.0,175.0,0.0,56.0,14.0,175.0,0.0,0.32,1.0,1.0,-56.0
41465,2016,7,3,7,7,41,경기,0.42857142857142855,1.0,,,,,,,,,,,
41465,2017,31,5,31,31,41,경기,0.16129032258064516,1.0,7.0,,3.0,,7.0,,0.42857142857142855,,1.0,,
41465,2020,3,1,3,3,41,경기,0.3333333333333333,1.0,31.0,7.0,5.0,3.0,31.0,7.0,0.16129032258064516,0.42857142857142855,1.0,1.0,2.0
41465,2022,9,8,9,9,41,경기,0.8888888888888888,1.0,3.0,31.0,1.0,5.0,3.0,31.0,0.3333333333333333,0.16129032258064516,1.0,1.0,-4.0
41480,2016,1,1,1,1,41,경기,1.0,1.0,,,,,,,,,,,
41480,2017,587,5,64,587,41,경기,0.008517887563884156,1.0,1.0,,1.0,,1.0,,1.0,,1.0,,
41480,2018,214,1,175,214,41,경기,0.004672897196261682,1.0,587.0,1.0,5.0,1.0,64.0,1.0,0.008517887563884156,1.0,1.0,1.0,4.0
41480,2019,207,5,94,207,41,경기,0.024154589371980676,1.0,214.0,587.0,1.0,5.0,175.0,64.0,0.004672897196261682,0.008517887563884156,1.0,1.0,-4.0
41480,2020,61,11,61,61,41,경기,0.18032786885245902,1.0,207.0,214.0,5.0,1.0,94.0,175.0,0.024154589371980676,0.004672897196261682,1.0,1.0,4.0
41480,2021,124,12,23,124,41,경기,0.0967741935483871,1.0,61.0,207.0,11.0,5.0,61.0,94.0,0.18032786885245902,0.024154589371980676,1.0,1.0,6.0
41480,2022,786,54,168,786,41,경기,0.06870229007633588,1.0,124.0,61.0,12.0,11.0,23.0,61.0,0.0967741935483871,0.18032786885245902,1.0,1.0,1.0
41480,2023,204,3,108,204,41,경기,0.014705882352941176,1.0,786.0,124.0,54.0,12.0,168.0,23.0,0.06870229007633588,0.0967741935483871,1.0,1.0,42.0
41500,2016,58,40,40,58,41,경기,0.6896551724137931,1.0,,,,,,,,,,,
41500,2017,180,56,180,180,41,경기,0.3111111111111111,1.0,58.0,,40.0,,40.0,,0.6896551724137931,,1.0,,
41500,2018,168,59,155,168,41,경기,0.35119047619047616,1.0,180.0,58.0,56.0,40.0,180.0,40.0,0.3111111111111111,0.6896551724137931,1.0,1.0,16.0
41500,2019,16,7,16,16,41,경기,0.4375,1.0,168.0,180.0,59.0,56.0,155.0,180.0,0.35119047619047616,0.3111111111111111,1.0,1.0,3.0
41500,2020,81,23,81,81,41,경기,0.2839506172839506,1.0,16.0,168.0,7.0,59.0,16.0,155.0,0.4375,0.35119047619047616,1.0,1.0,-52.0
41500,2021,164,135,164,164,41,경기,0.823170731707317,1.0,81.0,16.0,23.0,7.0,81.0,16.0,0.2839506172839506,0.4375,1.0,1.0,16.0
41500,2022,155,128,155,155,41,경기,0.8258064516129032,1.0,164.0,81.0,135.0,23.0,164.0,81.0,0.823170731707317,0.2839506172839506,1.0,1.0,112.0
41500,2023,363,195,258,363,41,경기,0.5371900826446281,1.0,155.0,164.0,128.0,135.0,155.0,164.0,0.8258064516129032,0.823170731707317,1.0,1.0,-7.0
41550,2016,155,154,155,155,41,경기,0.9935483870967742,1.0,,,,,,,,,,,
41550,2017,4117,169,4117,4117,41,경기,0.04104930774836046,1.0,155.0,,154.0,,155.0,,0.9935483870967742,,1.0,,
41550,2018,6990,340,3249,6990,41,경기,0.04864091559370529,1.0,4117.0,155.0,169.0,154.0,4117.0,155.0,0.04104930774836046,0.9935483870967742,1.0,1.0,15.0
41550,2019,9766,137,980,9766,41,경기,0.014028261314765512,1.0,6990.0,4117.0,340.0,169.0,3249.0,4117.0,0.04864091559370529,0.04104930774836046,1.0,1.0,171.0
41550,2020,6867,16,3378,6867,41,경기,0.002329983981360128,1.0,9766.0,6990.0,137.0,340.0,980.0,3249.0,0.014028261314765512,0.04864091559370529,1.0,1.0,-203.0
41550,2021,644,1,644,644,41,경기,0.0015527950310559005,1.0,6867.0,9766.0,16.0,137.0,3378.0,980.0,0.002329983981360128,0.014028261314765512,1.0,1.0,-121.0
41550,2022,549,36,545,549,41,경기,0.06557377049180328,1.0,644.0,6867.0,1.0,16.0,644.0,3378.0,0.0015527950310559005,0.002329983981360128,1.0,1.0,-15.0
41550,2023,733,1,676,733,41,경기,0.001364256480218281,1.0,549.0,644.0,36.0,1.0,545.0,644.0,0.06557377049180328,0.0015527950310559005,1.0,1.0,35.0
41590,2017,31,31,31,31,41,경기,1.0,1.0,,,,,,,,,,,
41590,2018,91,6,91,91,41,경기,0.06593406593406594,1.0,31.0,,31.0,,31.0,,1.0,,1.0,,
41590,2019,399,0,399,399,41,경기,0.0,1.0,91.0,31.0,6.0,31.0,91.0,31.0,0.06593406593406594,1.0,1.0,1.0,-25.0
41590,2020,332,4,276,332,41,경기,0.012048192771084338,1.0,399.0,91.0,0.0,6.0,399.0,91.0,0.0,0.06593406593406594,1.0,1.0,-6.0
41590,2021,1,1,1,1,41,경기,1.0,1.0,332.0,399.0,4.0,0.0,276.0,399.0,0.012048192771084338,0.0,1.0,1.0,4.0
41590,2022,134,5,134,134,41,경기,0.03731343283582089,1.0,1.0,332.0,1.0,4.0,1.0,276.0,1.0,0.012048192771084338,1.0,1.0,-3.0
41590,2023,24,0,24,24,41,경기,0.0,1.0,134.0,1.0,5.0,1.0,134.0,1.0,0.03731343283582089,1.0,1.0,1.0,4.0
41610,2016,33295,18867,19718,33295,41,경기,0.5666616609100465,1.0,,,,,,,,,,,
41610,2017,43333,29395,36998,43333,41,경기,0.6783513719336303,1.0,33295.0,,18867.0,,19718.0,,0.5666616609100465,,1.0,,
41610,2018,50509,32682,38783,50509,41,경기,0.6470530004553644,1.0,43333.0,33295.0,29395.0,18867.0,36998.0,19718.0,0.6783513719336303,0.5666616609100465,1.0,1.0,10528.0
41610,2019,38768,31076,36746,38768,41,경기,0.8015889393314073,1.0,50509.0,43333.0,32682.0,29395.0,38783.0,36998.0,0.6470530004553644,0.6783513719336303,1.0,1.0,3287.0
41610,2020,22168,14147,22130,22168,41,경기,0.6381721400216528,1.0,38768.0,50509.0,31076.0,32682.0,36746.0,38783.0,0.8015889393314073,0.6470530004553644,1.0,1.0,-1606.0
41610,2021,10762,7768,10762,10762,41,경기,0.7217989221334324,1.0,22168.0,38768.0,14147.0,31076.0,22130.0,36746.0,0.6381721400216528,0.8015889393314073,1.0,1.0,-16929.0
41610,2022,4350,3254,4350,4350,41,경기,0.7480459770114942,1.0,10762.0,22168.0,7768.0,14147.0,10762.0,22130.0,0.7217989221334324,0.6381721400216528,1.0,1.0,-6379.0
41610,2023,9380,6666,9380,9380,41,경기,0.7106609808102345,1.0,4350.0,10762.0,3254.0,7768.0,4350.0,10762.0,0.7480459770114942,0.7217989221334324,1.0,1.0,-4514.0
41630,2016,36,12,12,36,41,경기,0.3333333333333333,1.0,,,,,,,,,,,
41630,2017,651,73,651,651,41,경기,0.11213517665130568,1.0,36.0,,12.0,,12.0,,0.3333333333333333,,1.0,,
41630,2018,574,30,542,574,41,경기,0.05226480836236934,1.0,651.0,36.0,73.0,12.0,651.0,12.0,0.11213517665130568,0.3333333333333333,1.0,1.0,61.0
41630,2019,671,9,451,671,41,경기,0.013412816691505217,1.0,574.0,651.0,30.0,73.0,542.0,651.0,0.05226480836236934,0.11213517665130568,1.0,1.0,-43.0
41630,2020,300,11,11,300,41,경기,0.03666666666666667,1.0,671.0,574.0,9.0,30.0,451.0,542.0,0.013412816691505217,0.05226480836236934,1.0,1.0,-21.0
41630,2021,699,79,699,699,41,경기,0.11301859799713877,1.0,300.0,671.0,11.0,9.0,11.0,451.0,0.03666666666666667,0.013412816691505217,1.0,1.0,2.0
41630,2022,162,74,162,162,41,경기,0.4567901234567901,1.0,699.0,300.0,79.0,11.0,699.0,11.0,0.11301859799713877,0.03666666666666667,1.0,1.0,68.0
41630,2023,107,26,107,107,41,경기,0.24299065420560748,1.0,162.0,699.0,74.0,79.0,162.0,699.0,0.4567901234567901,0.11301859799713877,1.0,1.0,-5.0
41650,2016,5891,3335,5891,5891,41,경기,0.5661178068239687,1.0,,,,,,,,,,,
41650,2017,9284,6464,8024,9284,41,경기,0.6962516156828953,1.0,5891.0,,3335.0,,5891.0,,0.5661178068239687,,1.0,,
41650,2018,4413,2485,4413,4413,41,경기,0.5631089961477453,1.0,9284.0,5891.0,6464.0,3335.0,8024.0,5891.0,0.6962516156828953,0.5661178068239687,1.0,1.0,3129.0
41650,2019,2604,2553,2568,2604,41,경기,0.9804147465437788,1.0,4413.0,9284.0,2485.0,6464.0,4413.0,8024.0,0.5631089961477453,0.6962516156828953,1.0,1.0,-3979.0
41650,2020,15662,8441,15607,15662,41,경기,0.5389477716766696,1.0,2604.0,4413.0,2553.0,2485.0,2568.0,4413.0,0.9804147465437788,0.5631089961477453,1.0,1.0,68.0
41650,2021,19129,6775,19046,19129,41,경기,0.3541742903445031,1.0,15662.0,2604.0,8441.0,2553.0,15607.0,2568.0,0.5389477716766696,0.9804147465437788,1.0,1.0,5888.0
41650,2022,25095,13696,25093,25095,41,경기,0.5457660888623231,1.0,19129.0,15662.0,6775.0,8441.0,19046.0,15607.0,0.3541742903445031,0.5389477716766696,1.0,1.0,-1666.0
41650,2023,5386,4158,5386,5386,41,경기,0.7720014853323431,1.0,25095.0,19129.0,13696.0,6775.0,25093.0,19046.0,0.5457660888623231,0.3541742903445031,1.0,1.0,6921.0
41670,2016,8,8,8,8,41,경기,1.0,1.0,,,,,,,,,,,
41670,2017,35,23,35,35,41,경기,0.6571428571428571,1.0,8.0,,8.0,,8.0,,1.0,,1.0,,
41670,2018,9,6,6,9,41,경기,0.6666666666666666,1.0,35.0,8.0,23.0,8.0,35.0,8.0,0.6571428571428571,1.0,1.0,1.0,15.0
41670,2019,48,9,14,48,41,경기,0.1875,1.0,9.0,35.0,6.0,23.0,6.0,35.0,0.6666666666666666,0.6571428571428571,1.0,1.0,-17.0
41670,2020,583,146,583,583,41,경기,0.2504288164665523,1.0,48.0,9.0,9.0,6.0,14.0,6.0,0.1875,0.6666666666666666,1.0,1.0,3.0
41670,2021,1329,28,1329,1329,41,경기,0.021068472535741158,1.0,583.0,48.0,146.0,9.0,583.0,14.0,0.2504288164665523,0.1875,1.0,1.0,137.0
41670,2022,468,142,468,468,41,경기,0.3034188034188034,1.0,1329.0,583.0,28.0,146.0,1329.0,583.0,0.021068472535741158,0.2504288164665523,1.0,1.0,-118.0
41670,2023,1029,494,866,1029,41,경기,0.4800777453838678,1.0,468.0,1329.0,142.0,28.0,468.0,1329.0,0.3034188034188034,0.021068472535741158,1.0,1.0,114.0
41800,2016,833,694,833,833,41,경기,0.8331332533013205,1.0,,,,,,,,,,,
41800,2017,566,468,566,566,41,경기,0.8268551236749117,1.0,833.0,,694.0,,833.0,,0.8331332533013205,,1.0,,
41800,2018,378,311,378,378,41,경기,0.8227513227513228,1.0,566.0,833.0,468.0,694.0,566.0,833.0,0.8268551236749117,0.8331332533013205,1.0,1.0,-226.0
41800,2019,400,213,387,400,41,경기,0.5325,1.0,378.0,566.0,311.0,468.0,378.0,566.0,0.8227513227513228,0.8268551236749117,1.0,1.0,-157.0
41800,2020,1145,74,795,1145,41,경기,0.06462882096069869,1.0,400.0,378.0,213.0,311.0,387.0,378.0,0.5325,0.8227513227513228,1.0,1.0,-98.0
41800,2021,203,0,203,203,41,경기,0.0,1.0,1145.0,400.0,74.0,213.0,795.0,387.0,0.06462882096069869,0.5325,1.0,1.0,-139.0
41800,2022,889,171,889,889,41,경기,0.1923509561304837,1.0,203.0,1145.0,0.0,74.0,203.0,795.0,0.0,0.06462882096069869,1.0,1.0,-74.0
41800,2023,103,27,103,103,41,경기,0.2621359223300971,1.0,889.0,203.0,171.0,0.0,889.0,203.0,0.1923509561304837,0.0,1.0,1.0,171.0
41820,2016,3134,541,2276,3134,41,경기,0.17262284620293555,1.0,,,,,,,,,,,
41820,2017,258,27,258,258,41,경기,0.10465116279069768,1.0,3134.0,,541.0,,2276.0,,0.17262284620293555,,1.0,,
41820,2018,623,59,623,623,41,경기,0.09470304975922954,1.0,258.0,3134.0,27.0,541.0,258.0,2276.0,0.10465116279069768,0.17262284620293555,1.0,1.0,-514.0
41820,2019,7413,824,7413,7413,41,경기,0.11115607716174289,1.0,623.0,258.0,59.0,27.0,623.0,258.0,0.09470304975922954,0.10465116279069768,1.0,1.0,32.0
41820,2020,868,138,868,868,41,경기,0.15898617511520738,1.0,7413.0,623.0,824.0,59.0,7413.0,623.0,0.11115607716174289,0.09470304975922954,1.0,1.0,765.0
41820,2021,5699,240,5699,5699,41,경기,0.04211265134234076,1.0,868.0,7413.0,138.0,824.0,868.0,7413.0,0.15898617511520738,0.11115607716174289,1.0,1.0,-686.0
41820,2022,11245,2421,11185,11245,41,경기,0.21529568697198756,1.0,5699.0,868.0,240.0,138.0,5699.0,868.0,0.04211265134234076,0.15898617511520738,1.0,1.0,102.0
41820,2023,6844,1315,6733,6844,41,경기,0.19213909994155465,1.0,11245.0,5699.0,2421.0,240.0,11185.0,5699.0,0.21529568697198756,0.04211265134234076,1.0,1.0,2181.0
41830,2016,5149,776,2216,5149,41,경기,0.15070887550980772,1.0,,,,,,,,,,,
41830,2017,4653,2778,3602,4653,41,경기,0.5970341715022566,1.0,5149.0,,776.0,,2216.0,,0.15070887550980772,,1.0,,
41830,2018,3585,2244,3585,3585,41,경기,0.6259414225941422,1.0,4653.0,5149.0,2778.0,776.0,3602.0,2216.0,0.5970341715022566,0.15070887550980772,1.0,1.0,2002.0
41830,2019,7872,5498,7520,7872,41,경기,0.6984247967479674,1.0,3585.0,4653.0,2244.0,2778.0,3585.0,3602.0,0.6259414225941422,0.5970341715022566,1.0,1.0,-534.0
41830,2020,6288,3434,5370,6288,41,경기,0.5461195928753181,1.0,7872.0,3585.0,5498.0,2244.0,7520.0,3585.0,0.6984247967479674,0.6259414225941422,1.0,1.0,3254.0
41830,2021,23793,16690,22263,23793,41,경기,0.7014668179716723,1.0,6288.0,7872.0,3434.0,5498.0,5370.0,7520.0,0.5461195928753181,0.6984247967479674,1.0,1.0,-2064.0
41830,2022,11039,9132,11039,11039,41,경기,0.8272488450040765,1.0,23793.0,6288.0,16690.0,3434.0,22263.0,5370.0,0.7014668179716723,0.5461195928753181,1.0,1.0,13256.0
41830,2023,1809,1467,1809,1809,41,경기,0.8109452736318408,1.0,11039.0,23793.0,9132.0,16690.0,11039.0,22263.0,0.8272488450040765,0.7014668179716723,1.0,1.0,-7558.0
43111,2018,1,0,1,1,43,충북,0.0,1.0,,,,,,,,,,,
43111,2019,1,0,1,1,43,충북,0.0,1.0,1.0,,0.0,,1.0,,0.0,,1.0,,
43113,2016,194,6,194,194,43,충북,0.030927835051546393,1.0,,,,,,,,,,,
43113,2017,80,9,32,80,43,충북,0.1125,1.0,194.0,,6.0,,194.0,,0.030927835051546393,,1.0,,
43113,2018,4,0,4,4,43,충북,0.0,1.0,80.0,194.0,9.0,6.0,32.0,194.0,0.1125,0.030927835051546393,1.0,1.0,3.0
43113,2019,4,1,4,4,43,충북,0.25,1.0,4.0,80.0,0.0,9.0,4.0,32.0,0.0,0.1125,1.0,1.0,-9.0
43113,2020,2,2,2,2,43,충북,1.0,1.0,4.0,4.0,1.0,0.0,4.0,4.0,0.25,0.0,1.0,1.0,1.0
43114,2022,1,1,1,1,43,충북,1.0,1.0,,,,,,,,,,,
43130,2022,1,1,1,1,43,충북,1.0,1.0,,,,,,,,,,,
43150,2016,3,3,3,3,43,충북,1.0,1.0,,,,,,,,,,,
43150,2017,111,20,111,111,43,충북,0.18018018018018017,1.0,3.0,,3.0,,3.0,,1.0,,1.0,,
43150,2018,16,16,16,16,43,충북,1.0,1.0,111.0,3.0,20.0,3.0,111.0,3.0,0.18018018018018017,1.0,1.0,1.0,17.0
43150,2019,59,59,59,59,43,충북,1.0,1.0,16.0,111.0,16.0,20.0,16.0,111.0,1.0,0.18018018018018017,1.0,1.0,-4.0
43150,2020,134,46,134,134,43,충북,0.34328358208955223,1.0,59.0,16.0,59.0,16.0,59.0,16.0,1.0,1.0,1.0,1.0,43.0
43150,2021,119,47,119,119,43,충북,0.3949579831932773,1.0,134.0,59.0,46.0,59.0,134.0,59.0,0.34328358208955223,1.0,1.0,1.0,-13.0
43150,2022,135,59,135,135,43,충북,0.43703703703703706,1.0,119.0,134.0,47.0,46.0,119.0,134.0,0.3949579831932773,0.34328358208955223,1.0,1.0,1.0
43150,2023,76,17,76,76,43,충북,0.2236842105263158,1.0,135.0,119.0,59.0,47.0,135.0,119.0,0.43703703703703706,0.3949579831932773,1.0,1.0,12.0
43730,2019,104,2,104,104,43,충북,0.019230769230769232,1.0,,,,,,,,,,,
43740,2016,1,1,1,1,43,충북,1.0,1.0,,,,,,,,,,,
43740,2017,7,7,7,7,43,충북,1.0,1.0,1.0,,1.0,,1.0,,1.0,,1.0,,
43740,2018,7,7,7,7,43,충북,1.0,1.0,7.0,1.0,7.0,1.0,7.0,1.0,1.0,1.0,1.0,1.0,6.0
43740,2019,245,5,245,245,43,충북,0.02040816326530612,1.0,7.0,7.0,7.0,7.0,7.0,7.0,1.0,1.0,1.0,1.0,0.0
43740,2020,51,1,51,51,43,충북,0.0196078431372549,1.0,245.0,7.0,5.0,7.0,245.0,7.0,0.02040816326530612,1.0,1.0,1.0,-2.0
43745,2018,4,0,4,4,43,충북,0.0,1.0,,,,,,,,,,,
43745,2019,12,0,12,12,43,충북,0.0,1.0,4.0,,0.0,,4.0,,0.0,,1.0,,
43750,2018,74,7,74,74,43,충북,0.0945945945945946,1.0,,,,,,,,,,,
43750,2021,1,1,1,1,43,충북,1.0,1.0,74.0,,7.0,,74.0,,0.0945945945945946,,1.0,,
43750,2022,2,0,0,2,43,충북,0.0,1.0,1.0,74.0,1.0,7.0,1.0,74.0,1.0,0.0945945945945946,1.0,1.0,-6.0
43800,2016,12,12,12,12,43,충북,1.0,1.0,,,,,,,,,,,
43800,2017,19,13,19,19,43,충북,0.6842105263157895,1.0,12.0,,12.0,,12.0,,1.0,,1.0,,
43800,2018,26,26,26,26,43,충북,1.0,1.0,19.0,12.0,13.0,12.0,19.0,12.0,0.6842105263157895,1.0,1.0,1.0,1.0
43800,2019,16,16,16,16,43,충북,1.0,1.0,26.0,19.0,26.0,13.0,26.0,19.0,1.0,0.6842105263157895,1.0,1.0,13.0
43800,2020,4,4,4,4,43,충북,1.0,1.0,16.0,26.0,16.0,26.0,16.0,26.0,1.0,1.0,1.0,1.0,-10.0
43800,2021,58,18,58,58,43,충북,0.3103448275862069,1.0,4.0,16.0,4.0,16.0,4.0,16.0,1.0,1.0,1.0,1.0,-12.0
43800,2022,242,31,82,242,43,충북,0.128099173553719,1.0,58.0,4.0,18.0,4.0,58.0,4.0,0.3103448275862069,1.0,1.0,1.0,14.0
43800,2023,175,11,26,175,43,충북,0.06285714285714286,1.0,242.0,58.0,31.0,18.0,82.0,58.0,0.128099173553719,0.3103448275862069,1.0,1.0,13.0
44131,2017,59,4,59,59,44,충남,0.06779661016949153,1.0,,,,,,,,,,,
44131,2018,1,1,1,1,44,충남,1.0,1.0,59.0,,4.0,,59.0,,0.06779661016949153,,1.0,,
44131,2019,158,4,158,158,44,충남,0.02531645569620253,1.0,1.0,59.0,1.0,4.0,1.0,59.0,1.0,0.06779661016949153,1.0,1.0,-3.0
44131,2020,92,3,92,92,44,충남,0.03260869565217391,1.0,158.0,1.0,4.0,1.0,158.0,1.0,0.02531645569620253,1.0,1.0,1.0,3.0
44131,2021,5,1,1,5,44,충남,0.2,1.0,92.0,158.0,3.0,4.0,92.0,158.0,0.03260869565217391,0.02531645569620253,1.0,1.0,-1.0
44131,2022,30,2,3,30,44,충남,0.06666666666666667,1.0,5.0,92.0,1.0,3.0,1.0,92.0,0.2,0.03260869565217391,1.0,1.0,-2.0
44133,2019,34,1,34,34,44,충남,0.029411764705882353,1.0,,,,,,,,,,,
44133,2020,8,3,8,8,44,충남,0.375,1.0,34.0,,1.0,,34.0,,0.029411764705882353,,1.0,,
44133,2021,8,2,3,8,44,충남,0.25,1.0,8.0,34.0,3.0,1.0,8.0,34.0,0.375,0.029411764705882353,1.0,1.0,2.0
44150,2017,79,24,79,79,44,충남,0.3037974683544304,1.0,,,,,,,,,,,
44150,2018,1,0,1,1,44,충남,0.0,1.0,79.0,,24.0,,79.0,,0.3037974683544304,,1.0,,
44150,2020,62,7,10,62,44,충남,0.11290322580645161,1.0,1.0,79.0,0.0,24.0,1.0,79.0,0.0,0.3037974683544304,1.0,1.0,-24.0
44150,2021,15,0,10,15,44,충남,0.0,1.0,62.0,1.0,7.0,0.0,10.0,1.0,0.11290322580645161,0.0,1.0,1.0,7.0
44150,2022,20,10,14,20,44,충남,0.5,1.0,15.0,62.0,0.0,7.0,10.0,10.0,0.0,0.11290322580645161,1.0,1.0,-7.0
44150,2023,134,2,8,134,44,충남,0.014925373134328358,1.0,20.0,15.0,10.0,0.0,14.0,10.0,0.5,0.0,1.0,1.0,10.0
44180,2016,36,1,36,36,44,충남,0.027777777777777776,1.0,,,,,,,,,,,
44180,2017,144,30,144,144,44,충남,0.20833333333333334,1.0,36.0,,1.0,,36.0,,0.027777777777777776,,1.0,,
44180,2018,1162,220,774,1162,44,충남,0.18932874354561102,1.0,144.0,36.0,30.0,1.0,144.0,36.0,0.20833333333333334,0.027777777777777776,1.0,1.0,29.0
44180,2019,253,37,253,253,44,충남,0.14624505928853754,1.0,1162.0,144.0,220.0,30.0,774.0,144.0,0.18932874354561102,0.20833333333333334,1.0,1.0,190.0
44180,2020,2046,36,791,2046,44,충남,0.017595307917888565,1.0,253.0,1162.0,37.0,220.0,253.0,774.0,0.14624505928853754,0.18932874354561102,1.0,1.0,-183.0
44180,2021,632,78,92,632,44,충남,0.12341772151898735,1.0,2046.0,253.0,36.0,37.0,791.0,253.0,0.017595307917888565,0.14624505928853754,1.0,1.0,-1.0
44180,2022,712,145,491,712,44,충남,0.20365168539325842,1.0,632.0,2046.0,78.0,36.0,92.0,791.0,0.12341772151898735,0.017595307917888565,1.0,1.0,42.0
44180,2023,646,25,152,646,44,충남,0.03869969040247678,1.0,712.0,632.0,145.0,78.0,491.0,92.0,0.20365168539325842,0.12341772151898735,1.0,1.0,67.0
44200,2019,1,0,1,1,44,충남,0.0,1.0,,,,,,,,,,,
44200,2022,362,5,362,362,44,충남,0.013812154696132596,1.0,1.0,,0.0,,1.0,,0.0,,1.0,,
44200,2023,404,0,404,404,44,충남,0.0,1.0,362.0,1.0,5.0,0.0,362.0,1.0,0.013812154696132596,0.0,1.0,1.0,5.0
44210,2020,624,24,624,624,44,충남,0.038461538461538464,1.0,,,,,,,,,,,
44210,2021,1585,312,1585,1585,44,충남,0.1968454258675079,1.0,624.0,,24.0,,624.0,,0.038461538461538464,,1.0,,
44210,2022,58,56,58,58,44,충남,0.9655172413793104,1.0,1585.0,624.0,312.0,24.0,1585.0,624.0,0.1968454258675079,0.038461538461538464,1.0,1.0,288.0
44210,2023,21,7,21,21,44,충남,0.3333333333333333,1.0,58.0,1585.0,56.0,312.0,58.0,1585.0,0.9655172413793104,0.1968454258675079,1.0,1.0,-256.0
44230,2016,2,0,2,2,44,충남,0.0,1.0,,,,,,,,,,,
44230,2017,13,11,13,13,44,충남,0.8461538461538461,1.0,2.0,,0.0,,2.0,,0.0,,1.0,,
44230,2018,1,1,1,1,44,충남,1.0,1.0,13.0,2.0,11.0,0.0,13.0,2.0,0.8461538461538461,0.0,1.0,1.0,11.0
44230,2019,1,1,1,1,44,충남,1.0,1.0,1.0,13.0,1.0,11.0,1.0,13.0,1.0,0.8461538461538461,1.0,1.0,-10.0
44270,2022,110,10,91,110,44,충남,0.09090909090909091,1.0,,,,,,,,,,,
44270,2023,198,9,196,198,44,충남,0.045454545454545456,1.0,110.0,,10.0,,91.0,,0.09090909090909091,,1.0,,
44710,2018,70,10,70,70,44,충남,0.14285714285714285,1.0,,,,,,,,,,,
44710,2019,51,8,51,51,44,충남,0.1568627450980392,1.0,70.0,,10.0,,70.0,,0.14285714285714285,,1.0,,
44710,2021,282,1,273,282,44,충남,0.0035460992907801418,1.0,51.0,70.0,8.0,10.0,51.0,70.0,0.1568627450980392,0.14285714285714285,1.0,1.0,-2.0
44760,2016,3,0,3,3,44,충남,0.0,1.0,,,,,,,,,,,
44760,2017,8,8,8,8,44,충남,1.0,1.0,3.0,,0.0,,3.0,,0.0,,1.0,,
44760,2018,2,2,2,2,44,충남,1.0,1.0,8.0,3.0,8.0,0.0,8.0,3.0,1.0,0.0,1.0,1.0,8.0
44760,2019,37,3,37,37,44,충남,0.08108108108108109,1.0,2.0,8.0,2.0,8.0,2.0,8.0,1.0,1.0,1.0,1.0,-6.0
44760,2022,59,28,59,59,44,충남,0.4745762711864407,1.0,37.0,2.0,3.0,2.0,37.0,2.0,0.08108108108108109,1.0,1.0,1.0,1.0
44770,2016,1,0,1,1,44,충남,0.0,1.0,,,,,,,,,,,
44770,2017,3,3,3,3,44,충남,1.0,1.0,1.0,,0.0,,1.0,,0.0,,1.0,,
44770,2018,33,33,33,33,44,충남,1.0,1.0,3.0,1.0,3.0,0.0,3.0,1.0,1.0,0.0,1.0,1.0,3.0
44770,2019,32,12,32,32,44,충남,0.375,1.0,33.0,3.0,33.0,3.0,33.0,3.0,1.0,1.0,1.0,1.0,30.0
44770,2020,39,25,39,39,44,충남,0.6410256410256411,1.0,32.0,33.0,12.0,33.0,32.0,33.0,0.375,1.0,1.0,1.0,-21.0
44770,2021,184,59,177,184,44,충남,0.32065217391304346,1.0,39.0,32.0,25.0,12.0,39.0,32.0,0.6410256410256411,0.375,1.0,1.0,13.0
44770,2022,1400,388,1303,1400,44,충남,0.27714285714285714,1.0,184.0,39.0,59.0,25.0,177.0,39.0,0.32065217391304346,0.6410256410256411,1.0,1.0,34.0
44770,2023,138,41,129,138,44,충남,0.2971014492753623,1.0,1400.0,184.0,388.0,59.0,1303.0,177.0,0.27714285714285714,0.32065217391304346,1.0,1.0,329.0
44790,2016,1,0,1,1,44,충남,0.0,1.0,,,,,,,,,,,
44790,2017,29,29,29,29,44,충남,1.0,1.0,1.0,,0.0,,1.0,,0.0,,1.0,,
44790,2018,100,100,100,100,44,충남,1.0,1.0,29.0,1.0,29.0,0.0,29.0,1.0,1.0,0.0,1.0,1.0,29.0
44790,2019,49,49,49,49,44,충남,1.0,1.0,100.0,29.0,100.0,29.0,100.0,29.0,1.0,1.0,1.0,1.0,71.0
44790,2020,12,4,12,12,44,충남,0.3333333333333333,1.0,49.0,100.0,49.0,100.0,49.0,100.0,1.0,1.0,1.0,1.0,-51.0
44790,2021,1049,306,1042,1049,44,충남,0.2917063870352717,1.0,12.0,49.0,4.0,49.0,12.0,49.0,0.3333333333333333,1.0,1.0,1.0,-45.0
44790,2022,1299,817,863,1299,44,충남,0.6289453425712086,1.0,1049.0,12.0,306.0,4.0,1042.0,12.0,0.2917063870352717,0.3333333333333333,1.0,1.0,302.0
44790,2023,294,264,187,294,44,충남,0.8979591836734694,1.0,1299.0,1049.0,817.0,306.0,863.0,1042.0,0.6289453425712086,0.2917063870352717,1.0,1.0,511.0
44800,2020,8,6,8,8,44,충남,0.75,1.0,,,,,,,,,,,
44800,2022,151,29,151,151,44,충남,0.19205298013245034,1.0,8.0,,6.0,,8.0,,0.75,,1.0,,
44800,2023,1455,21,678,1455,44,충남,0.01443298969072165,1.0,151.0,8.0,29.0,6.0,151.0,8.0,0.19205298013245034,0.75,1.0,1.0,23.0
44810,2018,4,4,4,4,44,충남,1.0,1.0,,,,,,,,,,,
44810,2019,93,1,93,93,44,충남,0.010752688172043012,1.0,4.0,,4.0,,4.0,,1.0,,1.0,,
44810,2020,81,2,81,81,44,충남,0.024691358024691357,1.0,93.0,4.0,1.0,4.0,93.0,4.0,0.010752688172043012,1.0,1.0,1.0,-3.0
44810,2021,502,7,27,502,44,충남,0.013944223107569721,1.0,81.0,93.0,2.0,1.0,81.0,93.0,0.024691358024691357,0.010752688172043012,1.0,1.0,1.0
44810,2022,158,55,42,158,44,충남,0.34810126582278483,1.0,502.0,81.0,7.0,2.0,27.0,81.0,0.013944223107569721,0.024691358024691357,1.0,1.0,5.0
44810,2023,169,139,50,169,44,충남,0.8224852071005917,1.0,158.0,502.0,55.0,7.0,42.0,27.0,0.34810126582278483,0.013944223107569721,1.0,1.0,48.0
44825,2019,7240,105,2372,7240,44,충남,0.014502762430939226,1.0,,,,,,,,,,,
44825,2020,145,90,145,145,44,충남,0.6206896551724138,1.0,7240.0,,105.0,,2372.0,,0.014502762430939226,,1.0,,
44825,2021,1888,28,814,1888,44,충남,0.014830508474576272,1.0,145.0,7240.0,90.0,105.0,145.0,2372.0,0.6206896551724138,0.014502762430939226,1.0,1.0,-15.0
44825,2022,2279,999,2232,2279,44,충남,0.4383501535761299,1.0,1888.0,145.0,28.0,90.0,814.0,145.0,0.014830508474576272,0.6206896551724138,1.0,1.0,-62.0
44825,2023,1141,77,1141,1141,44,충남,0.06748466257668712,1.0,2279.0,1888.0,999.0,28.0,2232.0,814.0,0.4383501535761299,0.014830508474576272,1.0,1.0,971.0
45111,2019,12633,2,12633,12633,45,전북,0.00015831552283701418,1.0,,,,,,,,,,,
45111,2020,1317,1317,1317,1317,45,전북,1.0,1.0,12633.0,,2.0,,12633.0,,0.00015831552283701418,,1.0,,
45111,2021,708,0,708,708,45,전북,0.0,1.0,1317.0,12633.0,1317.0,2.0,1317.0,12633.0,1.0,0.00015831552283701418,1.0,1.0,1315.0
45111,2022,698,0,696,698,45,전북,0.0,1.0,708.0,1317.0,0.0,1317.0,708.0,1317.0,0.0,1.0,1.0,1.0,-1317.0
45113,2016,1,0,1,1,45,전북,0.0,1.0,,,,,,,,,,,
45113,2021,599,7,437,599,45,전북,0.011686143572621035,1.0,1.0,,0.0,,1.0,,0.0,,1.0,,
45130,2016,2189,1,2189,2189,45,전북,0.00045682960255824577,1.0,,,,,,,,,,,
45130,2017,18087,3342,18087,18087,45,전북,0.18477359429424448,1.0,2189.0,,1.0,,2189.0,,0.00045682960255824577,,1.0,,
45130,2018,60002,4719,37391,60002,45,전북,0.07864737842071931,1.0,18087.0,2189.0,3342.0,1.0,18087.0,2189.0,0.18477359429424448,0.00045682960255824577,1.0,1.0,3341.0
45130,2019,17296,1805,17140,17296,45,전북,0.10435938945420907,1.0,60002.0,18087.0,4719.0,3342.0,37391.0,18087.0,0.07864737842071931,0.18477359429424448,1.0,1.0,1377.0
45130,2020,9468,1040,9468,9468,45,전북,0.10984368398817068,1.0,17296.0,60002.0,1805.0,4719.0,17140.0,37391.0,0.10435938945420907,0.07864737842071931,1.0,1.0,-2914.0
45130,2021,1813,112,1813,1813,45,전북,0.06177606177606178,1.0,9468.0,17296.0,1040.0,1805.0,9468.0,17140.0,0.10984368398817068,0.10435938945420907,1.0,1.0,-765.0
45130,2022,7132,1585,7080,7132,45,전북,0.22223780145821648,1.0,1813.0,9468.0,112.0,1040.0,1813.0,9468.0,0.06177606177606178,0.10984368398817068,1.0,1.0,-928.0
45140,2016,950,34,950,950,45,전북,0.035789473684210524,1.0,,,,,,,,,,,
45140,2017,1925,3,1925,1925,45,전북,0.0015584415584415584,1.0,950.0,,34.0,,950.0,,0.035789473684210524,,1.0,,
45140,2018,356,71,356,356,45,전북,0.199438202247191,1.0,1925.0,950.0,3.0,34.0,1925.0,950.0,0.0015584415584415584,0.035789473684210524,1.0,1.0,-31.0
45140,2019,216,3,216,216,45,전북,0.013888888888888888,1.0,356.0,1925.0,71.0,3.0,356.0,1925.0,0.199438202247191,0.0015584415584415584,1.0,1.0,68.0
45140,2020,821,0,821,821,45,전북,0.0,1.0,216.0,356.0,3.0,71.0,216.0,356.0,0.013888888888888888,0.199438202247191,1.0,1.0,-68.0
45140,2021,564,1,533,564,45,전북,0.0017730496453900709,1.0,821.0,216.0,0.0,3.0,821.0,216.0,0.0,0.013888888888888888,1.0,1.0,-3.0
45140,2022,1216,69,1216,1206,45,전북,0.05674342105263158,0.9917763157894737,564.0,821.0,1.0,0.0,533.0,821.0,0.0017730496453900709,0.0,1.0,1.0,1.0
45140,2023,380,32,380,319,45,전북,0.08421052631578947,0.8394736842105263,1216.0,564.0,69.0,1.0,1216.0,533.0,0.05674342105263158,0.0017730496453900709,0.9917763157894737,1.0,68.0
45180,2017,169,32,169,169,45,전북,0.1893491124260355,1.0,,,,,,,,,,,
45180,2018,951,59,951,951,45,전북,0.06203995793901157,1.0,169.0,,32.0,,169.0,,0.1893491124260355,,1.0,,
45180,2019,1107,9,1107,1107,45,전북,0.008130081300813009,1.0,951.0,169.0,59.0,32.0,951.0,169.0,0.06203995793901157,0.1893491124260355,1.0,1.0,27.0
45180,2020,1394,16,1394,1394,45,전북,0.011477761836441894,1.0,1107.0,951.0,9.0,59.0,1107.0,951.0,0.008130081300813009,0.06203995793901157,1.0,1.0,-50.0
45180,2021,782,7,782,782,45,전북,0.008951406649616368,1.0,1394.0,1107.0,16.0,9.0,1394.0,1107.0,0.011477761836441894,0.008130081300813009,1.0,1.0,7.0
45180,2022,418,15,418,418,45,전북,0.03588516746411483,1.0,782.0,1394.0,7.0,16.0,782.0,1394.0,0.008951406649616368,0.011477761836441894,1.0,1.0,-9.0
45180,2023,330,32,330,278,45,전북,0.09696969696969697,0.8424242424242424,418.0,782.0,15.0,7.0,418.0,782.0,0.03588516746411483,0.008951406649616368,1.0,1.0,8.0
45190,2016,11,7,11,11,45,전북,0.6363636363636364,1.0,,,,,,,,,,,
45190,2017,2,0,2,2,45,전북,0.0,1.0,11.0,,7.0,,11.0,,0.6363636363636364,,1.0,,
45190,2020,326,3,326,326,45,전북,0.009202453987730062,1.0,2.0,11.0,0.0,7.0,2.0,11.0,0.0,0.6363636363636364,1.0,1.0,-7.0
45190,2021,376,7,293,376,45,전북,0.018617021276595744,1.0,326.0,2.0,3.0,0.0,326.0,2.0,0.009202453987730062,0.0,1.0,1.0,3.0
45190,2022,440,6,435,440,45,전북,0.013636363636363636,1.0,376.0,326.0,7.0,3.0,293.0,326.0,0.018617021276595744,0.009202453987730062,1.0,1.0,4.0
45190,2023,280,10,80,280,45,전북,0.03571428571428571,1.0,440.0,376.0,6.0,7.0,435.0,293.0,0.013636363636363636,0.018617021276595744,1.0,1.0,-1.0
45210,2016,2600,1,2600,2600,45,전북,0.0003846153846153846,1.0,,,,,,,,,,,
45210,2017,1240,3,1240,1240,45,전북,0.0024193548387096775,1.0,2600.0,,1.0,,2600.0,,0.0003846153846153846,,1.0,,
45210,2018,439,0,439,439,45,전북,0.0,1.0,1240.0,2600.0,3.0,1.0,1240.0,2600.0,0.0024193548387096775,0.0003846153846153846,1.0,1.0,2.0
45210,2019,1238,8,1238,1238,45,전북,0.006462035541195477,1.0,439.0,1240.0,0.0,3.0,439.0,1240.0,0.0,0.0024193548387096775,1.0,1.0,-3.0
45210,2020,421,33,337,421,45,전북,0.07838479809976247,1.0,1238.0,439.0,8.0,0.0,1238.0,439.0,0.006462035541195477,0.0,1.0,1.0,8.0
45210,2021,293,44,262,293,45,전북,0.15017064846416384,1.0,421.0,1238.0,33.0,8.0,337.0,1238.0,0.07838479809976247,0.006462035541195477,1.0,1.0,25.0
45210,2022,634,20,634,634,45,전북,0.031545741324921134,1.0,293.0,421.0,44.0,33.0,262.0,337.0,0.15017064846416384,0.07838479809976247,1.0,1.0,11.0
45210,2023,276,21,276,276,45,전북,0.07608695652173914,1.0,634.0,293.0,20.0,44.0,634.0,262.0,0.031545741324921134,0.15017064846416384,1.0,1.0,-24.0
45710,2016,5,0,5,5,45,전북,0.0,1.0,,,,,,,,,,,
45710,2021,3,3,3,3,45,전북,1.0,1.0,5.0,,0.0,,5.0,,0.0,,1.0,,
45710,2022,252,2,190,252,45,전북,0.007936507936507936,1.0,3.0,5.0,3.0,0.0,3.0,5.0,1.0,0.0,1.0,1.0,3.0
45710,2023,288,0,288,288,45,전북,0.0,1.0,252.0,3.0,2.0,3.0,190.0,3.0,0.007936507936507936,1.0,1.0,1.0,-1.0
45730,2018,522,11,522,522,45,전북,0.0210727969348659,1.0,,,,,,,,,,,
45740,2016,2,0,2,2,45,전북,0.0,1.0,,,,,,,,,,,
45740,2017,12,4,12,12,45,전북,0.3333333333333333,1.0,2.0,,0.0,,2.0,,0.0,,1.0,,
45750,2016,8678,2,8678,8678,45,전북,0.00023046784973496196,1.0,,,,,,,,,,,
45750,2017,6847,23,6847,6847,45,전북,0.0033591353877610633,1.0,8678.0,,2.0,,8678.0,,0.00023046784973496196,,1.0,,
45750,2018,5229,43,5073,5229,45,전북,0.008223369669152802,1.0,6847.0,8678.0,23.0,2.0,6847.0,8678.0,0.0033591353877610633,0.00023046784973496196,1.0,1.0,21.0
45750,2019,6905,27,6905,6905,45,전북,0.00391020999275887,1.0,5229.0,6847.0,43.0,23.0,5073.0,6847.0,0.008223369669152802,0.0033591353877610633,1.0,1.0,20.0
45750,2020,1349,212,1339,1349,45,전북,0.15715344699777614,1.0,6905.0,5229.0,27.0,43.0,6905.0,5073.0,0.00391020999275887,0.008223369669152802,1.0,1.0,-16.0
45750,2021,2276,73,2258,2276,45,전북,0.0320738137082601,1.0,1349.0,6905.0,212.0,27.0,1339.0,6905.0,0.15715344699777614,0.00391020999275887,1.0,1.0,185.0
45750,2022,927,59,926,927,45,전북,0.06364617044228695,1.0,2276.0,1349.0,73.0,212.0,2258.0,1339.0,0.0320738137082601,0.15715344699777614,1.0,1.0,-139.0
45770,2016,497,28,497,497,45,전북,0.056338028169014086,1.0,,,,,,,,,,,
45770,2017,772,110,772,772,45,전북,0.14248704663212436,1.0,497.0,,28.0,,497.0,,0.056338028169014086,,1.0,,
45770,2018,5655,414,5655,5655,45,전북,0.07320954907161804,1.0,772.0,497.0,110.0,28.0,772.0,497.0,0.14248704663212436,0.056338028169014086,1.0,1.0,82.0
45770,2019,5143,227,5143,5143,45,전북,0.044137662842698815,1.0,5655.0,772.0,414.0,110.0,5655.0,772.0,0.07320954907161804,0.14248704663212436,1.0,1.0,304.0
45770,2020,707,43,707,707,45,전북,0.06082036775106082,1.0,5143.0,5655.0,227.0,414.0,5143.0,5655.0,0.044137662842698815,0.07320954907161804,1.0,1.0,-187.0
45770,2021,1228,221,1013,1228,45,전북,0.17996742671009772,1.0,707.0,5143.0,43.0,227.0,707.0,5143.0,0.06082036775106082,0.044137662842698815,1.0,1.0,-184.0
45770,2022,758,209,758,758,45,전북,0.2757255936675462,1.0,1228.0,707.0,221.0,43.0,1013.0,707.0,0.17996742671009772,0.06082036775106082,1.0,1.0,178.0
45770,2023,1,0,1,1,45,전북,0.0,1.0,758.0,1228.0,209.0,221.0,758.0,1013.0,0.2757255936675462,0.17996742671009772,1.0,1.0,-12.0
45790,2016,802,15,113,802,45,전북,0.018703241895261846,1.0,,,,,,,,,,,
45790,2017,1075,0,488,1075,45,전북,0.0,1.0,802.0,,15.0,,113.0,,0.018703241895261846,,1.0,,
45800,2017,5,5,5,5,45,전북,1.0,1.0,,,,,,,,,,,
45800,2020,704,2,704,704,45,전북,0.002840909090909091,1.0,5.0,,5.0,,5.0,,1.0,,1.0,,
46110,2017,131,59,131,131,46,전남,0.45038167938931295,1.0,,,,,,,,,,,
46130,2016,836,24,836,836,46,전남,0.028708133971291867,1.0,,,,,,,,,,,
46130,2017,2745,1304,2745,2745,46,전남,0.47504553734061933,1.0,836.0,,24.0,,836.0,,0.028708133971291867,,1.0,,
46130,2018,2826,1792,2691,2826,46,전남,0.6341118188251946,1.0,2745.0,836.0,1304.0,24.0,2745.0,836.0,0.47504553734061933,0.028708133971291867,1.0,1.0,1280.0
46130,2019,4975,1972,4443,4975,46,전남,0.3963819095477387,1.0,2826.0,2745.0,1792.0,1304.0,2691.0,2745.0,0.6341118188251946,0.47504553734061933,1.0,1.0,488.0
46130,2020,23016,11761,22617,23016,46,전남,0.5109923531456378,1.0,4975.0,2826.0,1972.0,1792.0,4443.0,2691.0,0.3963819095477387,0.6341118188251946,1.0,1.0,180.0
46130,2021,24281,6861,24281,24281,46,전남,0.2825666158724929,1.0,23016.0,4975.0,11761.0,1972.0,22617.0,4443.0,0.5109923531456378,0.3963819095477387,1.0,1.0,9789.0
46130,2022,22420,10200,22420,22420,46,전남,0.45495093666369313,1.0,24281.0,23016.0,6861.0,11761.0,24281.0,22617.0,0.2825666158724929,0.5109923531456378,1.0,1.0,-4900.0
46130,2023,2130,127,2130,2130,46,전남,0.05962441314553991,1.0,22420.0,24281.0,10200.0,6861.0,22420.0,24281.0,0.45495093666369313,0.2825666158724929,1.0,1.0,3339.0
46150,2016,2905,651,2905,2905,46,전남,0.22409638554216868,1.0,,,,,,,,,,,
46150,2017,6354,1415,6354,6354,46,전남,0.22269436575385584,1.0,2905.0,,651.0,,2905.0,,0.22409638554216868,,1.0,,
46150,2018,3816,792,3816,3816,46,전남,0.20754716981132076,1.0,6354.0,2905.0,1415.0,651.0,6354.0,2905.0,0.22269436575385584,0.22409638554216868,1.0,1.0,764.0
46150,2019,14582,4452,14213,14582,46,전남,0.30530791386641065,1.0,3816.0,6354.0,792.0,1415.0,3816.0,6354.0,0.20754716981132076,0.22269436575385584,1.0,1.0,-623.0
46150,2020,20588,10360,20588,20588,46,전남,0.5032057509228677,1.0,14582.0,3816.0,4452.0,792.0,14213.0,3816.0,0.30530791386641065,0.20754716981132076,1.0,1.0,3660.0
46150,2021,19289,9578,19288,19289,46,전남,0.49655243921405984,1.0,20588.0,14582.0,10360.0,4452.0,20588.0,14213.0,0.5032057509228677,0.30530791386641065,1.0,1.0,5908.0
46150,2022,4507,1531,4507,4507,46,전남,0.33969380962946527,1.0,19289.0,20588.0,9578.0,10360.0,19288.0,20588.0,0.49655243921405984,0.5032057509228677,1.0,1.0,-782.0
46150,2023,16,6,16,16,46,전남,0.375,1.0,4507.0,19289.0,1531.0,9578.0,4507.0,19288.0,0.33969380962946527,0.49655243921405984,1.0,1.0,-8047.0
46170,2016,35102,10901,35102,35102,46,전남,0.3105521052931457,1.0,,,,,,,,,,,
46170,2017,70,0,70,70,46,전남,0.0,1.0,35102.0,,10901.0,,35102.0,,0.3105521052931457,,1.0,,
46170,2022,18,9,17,18,46,전남,0.5,1.0,70.0,35102.0,0.0,10901.0,70.0,35102.0,0.0,0.3105521052931457,1.0,1.0,-10901.0
46170,2023,1675,49,192,1675,46,전남,0.029253731343283584,1.0,18.0,70.0,9.0,0.0,17.0,70.0,0.5,0.0,1.0,1.0,9.0
46230,2016,1728,100,1728,1728,46,전남,0.05787037037037037,1.0,,,,,,,,,,,
46230,2017,6496,45,6496,6496,46,전남,0.006927339901477833,1.0,1728.0,,100.0,,1728.0,,0.05787037037037037,,1.0,,
46230,2018,4974,951,4974,4974,46,전남,0.19119420989143546,1.0,6496.0,1728.0,45.0,100.0,6496.0,1728.0,0.006927339901477833,0.05787037037037037,1.0,1.0,-55.0
46230,2019,6198,2510,6196,6198,46,전남,0.4049693449499839,1.0,4974.0,6496.0,951.0,45.0,4974.0,6496.0,0.19119420989143546,0.006927339901477833,1.0,1.0,906.0
46230,2020,7687,4117,7687,7687,46,전남,0.5355795498894237,1.0,6198.0,4974.0,2510.0,951.0,6196.0,4974.0,0.4049693449499839,0.19119420989143546,1.0,1.0,1559.0
46230,2021,9029,3902,9029,9029,46,전남,0.4321630302359065,1.0,7687.0,6198.0,4117.0,2510.0,7687.0,6196.0,0.5355795498894237,0.4049693449499839,1.0,1.0,1607.0
46230,2022,3052,1339,3052,3052,46,전남,0.4387287024901704,1.0,9029.0,7687.0,3902.0,4117.0,9029.0,7687.0,0.4321630302359065,0.5355795498894237,1.0,1.0,-215.0
46230,2023,884,308,884,884,46,전남,0.34841628959276016,1.0,3052.0,9029.0,1339.0,3902.0,3052.0,9029.0,0.4387287024901704,0.4321630302359065,1.0,1.0,-2563.0
46710,2016,18,0,18,18,46,전남,0.0,1.0,,,,,,,,,,,
46710,2017,56,0,56,56,46,전남,0.0,1.0,18.0,,0.0,,18.0,,0.0,,1.0,,
46710,2018,132,20,41,132,46,전남,0.15151515151515152,1.0,56.0,18.0,0.0,0.0,56.0,18.0,0.0,0.0,1.0,1.0,0.0
46710,2019,3095,65,1425,3095,46,전남,0.0210016155088853,1.0,132.0,56.0,20.0,0.0,41.0,56.0,0.15151515151515152,0.0,1.0,1.0,20.0
46710,2020,77,2,77,77,46,전남,0.025974025974025976,1.0,3095.0,132.0,65.0,20.0,1425.0,41.0,0.0210016155088853,0.15151515151515152,1.0,1.0,45.0
46710,2021,148,10,148,148,46,전남,0.06756756756756757,1.0,77.0,3095.0,2.0,65.0,77.0,1425.0,0.025974025974025976,0.0210016155088853,1.0,1.0,-63.0
46710,2022,164,15,164,164,46,전남,0.09146341463414634,1.0,148.0,77.0,10.0,2.0,148.0,77.0,0.06756756756756757,0.025974025974025976,1.0,1.0,8.0
46710,2023,56,0,56,56,46,전남,0.0,1.0,164.0,148.0,15.0,10.0,164.0,148.0,0.09146341463414634,0.06756756756756757,1.0,1.0,5.0
46720,2016,67,0,67,67,46,전남,0.0,1.0,,,,,,,,,,,
46720,2017,75,1,75,75,46,전남,0.013333333333333334,1.0,67.0,,0.0,,67.0,,0.0,,1.0,,
46720,2018,1,1,1,1,46,전남,1.0,1.0,75.0,67.0,1.0,0.0,75.0,67.0,0.013333333333333334,0.0,1.0,1.0,1.0
46720,2020,1,1,1,1,46,전남,1.0,1.0,1.0,75.0,1.0,1.0,1.0,75.0,1.0,0.013333333333333334,1.0,1.0,0.0
46720,2021,272,0,272,272,46,전남,0.0,1.0,1.0,1.0,1.0,1.0,1.0,1.0,1.0,1.0,1.0,1.0,0.0
46720,2023,128,0,128,128,46,전남,0.0,1.0,272.0,1.0,0.0,1.0,272.0,1.0,0.0,1.0,1.0,1.0,-1.0
46730,2016,1,0,1,1,46,전남,0.0,1.0,,,,,,,,,,,
46730,2017,4,0,4,4,46,전남,0.0,1.0,1.0,,0.0,,1.0,,0.0,,1.0,,
46730,2019,45,35,45,45,46,전남,0.7777777777777778,1.0,4.0,1.0,0.0,0.0,4.0,1.0,0.0,0.0,1.0,1.0,0.0
46730,2020,1054,58,1054,1054,46,전남,0.05502846299810247,1.0,45.0,4.0,35.0,0.0,45.0,4.0,0.7777777777777778,0.0,1.0,1.0,35.0
46730,2021,207,2,207,207,46,전남,0.00966183574879227,1.0,1054.0,45.0,58.0,35.0,1054.0,45.0,0.05502846299810247,0.7777777777777778,1.0,1.0,23.0
46730,2022,762,157,762,762,46,전남,0.20603674540682415,1.0,207.0,1054.0,2.0,58.0,207.0,1054.0,0.00966183574879227,0.05502846299810247,1.0,1.0,-56.0
46730,2023,101,11,101,101,46,전남,0.10891089108910891,1.0,762.0,207.0,157.0,2.0,762.0,207.0,0.20603674540682415,0.00966183574879227,1.0,1.0,155.0
46770,2016,33,14,33,33,46,전남,0.42424242424242425,1.0,,,,,,,,,,,
46770,2017,1,0,1,1,46,전남,0.0,1.0,33.0,,14.0,,33.0,,0.42424242424242425,,1.0,,
46770,2018,14,1,14,14,46,전남,0.07142857142857142,1.0,1.0,33.0,0.0,14.0,1.0,33.0,0.0,0.42424242424242425,1.0,1.0,-14.0
46770,2019,13,0,13,13,46,전남,0.0,1.0,14.0,1.0,1.0,0.0,14.0,1.0,0.07142857142857142,0.0,1.0,1.0,1.0
46770,2021,116,0,116,116,46,전남,0.0,1.0,13.0,14.0,0.0,1.0,13.0,14.0,0.0,0.07142857142857142,1.0,1.0,-1.0
46770,2022,11,11,11,11,46,전남,1.0,1.0,116.0,13.0,0.0,0.0,116.0,13.0,0.0,0.0,1.0,1.0,0.0
46780,2016,34,13,33,34,46,전남,0.38235294117647056,1.0,,,,,,,,,,,
46780,2017,56,5,56,56,46,전남,0.08928571428571429,1.0,34.0,,13.0,,33.0,,0.38235294117647056,,1.0,,
46780,2018,82,19,82,82,46,전남,0.23170731707317074,1.0,56.0,34.0,5.0,13.0,56.0,33.0,0.08928571428571429,0.38235294117647056,1.0,1.0,-8.0
46780,2019,36,8,36,36,46,전남,0.2222222222222222,1.0,82.0,56.0,19.0,5.0,82.0,56.0,0.23170731707317074,0.08928571428571429,1.0,1.0,14.0
46780,2020,24,3,24,24,46,전남,0.125,1.0,36.0,82.0,8.0,19.0,36.0,82.0,0.2222222222222222,0.23170731707317074,1.0,1.0,-11.0
46780,2021,203,6,203,203,46,전남,0.029556650246305417,1.0,24.0,36.0,3.0,8.0,24.0,36.0,0.125,0.2222222222222222,1.0,1.0,-5.0
46790,2016,3,0,3,3,46,전남,0.0,1.0,,,,,,,,,,,
46790,2022,10,4,10,10,46,전남,0.4,1.0,3.0,,0.0,,3.0,,0.0,,1.0,,
46800,2016,2,0,2,2,46,전남,0.0,1.0,,,,,,,,,,,
46810,2016,12,0,12,12,46,전남,0.0,1.0,,,,,,,,,,,
46820,2016,3,1,3,3,46,전남,0.3333333333333333,1.0,,,,,,,,,,,
46820,2019,181,4,181,181,46,전남,0.022099447513812154,1.0,3.0,,1.0,,3.0,,0.3333333333333333,,1.0,,
46830,2016,5,0,5,5,46,전남,0.0,1.0,,,,,,,,,,,
46840,2016,17,0,17,17,46,전남,0.0,1.0,,,,,,,,,,,
46840,2017,21,1,21,21,46,전남,0.047619047619047616,1.0,17.0,,0.0,,17.0,,0.0,,1.0,,
46840,2018,5,5,5,5,46,전남,1.0,1.0,21.0,17.0,1.0,0.0,21.0,17.0,0.047619047619047616,0.0,1.0,1.0,1.0
46840,2019,889,11,889,889,46,전남,0.012373453318335208,1.0,5.0,21.0,5.0,1.0,5.0,21.0,1.0,0.047619047619047616,1.0,1.0,4.0
46840,2020,58,0,58,58,46,전남,0.0,1.0,889.0,5.0,11.0,5.0,889.0,5.0,0.012373453318335208,1.0,1.0,1.0,6.0
46840,2021,45,1,45,45,46,전남,0.022222222222222223,1.0,58.0,889.0,0.0,11.0,58.0,889.0,0.0,0.012373453318335208,1.0,1.0,-11.0
46840,2022,67,1,67,67,46,전남,0.014925373134328358,1.0,45.0,58.0,1.0,0.0,45.0,58.0,0.022222222222222223,0.0,1.0,1.0,1.0
46860,2016,576,0,576,576,46,전남,0.0,1.0,,,,,,,,,,,
46860,2017,19,13,19,19,46,전남,0.6842105263157895,1.0,576.0,,0.0,,576.0,,0.0,,1.0,,
46860,2021,95,3,95,95,46,전남,0.031578947368421054,1.0,19.0,576.0,13.0,0.0,19.0,576.0,0.6842105263157895,0.0,1.0,1.0,13.0
46860,2023,1,0,1,1,46,전남,0.0,1.0,95.0,19.0,3.0,13.0,95.0,19.0,0.031578947368421054,0.6842105263157895,1.0,1.0,-10.0
46870,2016,1,0,1,1,46,전남,0.0,1.0,,,,,,,,,,,
46870,2017,226,113,226,226,46,전남,0.5,1.0,1.0,,0.0,,1.0,,0.0,,1.0,,
46880,2016,5,0,5,5,46,전남,0.0,1.0,,,,,,,,,,,
46880,2017,11,0,11,11,46,전남,0.0,1.0,5.0,,0.0,,5.0,,0.0,,1.0,,
46880,2019,39,22,39,39,46,전남,0.5641025641025641,1.0,11.0,5.0,0.0,0.0,11.0,5.0,0.0,0.0,1.0,1.0,0.0
46880,2020,377,12,377,377,46,전남,0.03183023872679045,1.0,39.0,11.0,22.0,0.0,39.0,11.0,0.5641025641025641,0.0,1.0,1.0,22.0
46880,2021,406,372,406,406,46,전남,0.916256157635468,1.0,377.0,39.0,12.0,22.0,377.0,39.0,0.03183023872679045,0.5641025641025641,1.0,1.0,-10.0
46880,2022,851,131,851,851,46,전남,0.15393654524089306,1.0,406.0,377.0,372.0,12.0,406.0,377.0,0.916256157635468,0.03183023872679045,1.0,1.0,360.0
46910,2016,2,0,2,2,46,전남,0.0,1.0,,,,,,,,,,,
46910,2017,193,15,193,193,46,전남,0.07772020725388601,1.0,2.0,,0.0,,2.0,,0.0,,1.0,,
46910,2018,49,2,49,49,46,전남,0.04081632653061224,1.0,193.0,2.0,15.0,0.0,193.0,2.0,0.07772020725388601,0.0,1.0,1.0,15.0
47111,2016,207,173,207,207,47,경북,0.8357487922705314,1.0,,,,,,,,,,,
47111,2017,61384,859,61384,61384,47,경북,0.013993874625309526,1.0,207.0,,173.0,,207.0,,0.8357487922705314,,1.0,,
47111,2018,78391,0,78391,78391,47,경북,0.0,1.0,61384.0,207.0,859.0,173.0,61384.0,207.0,0.013993874625309526,0.8357487922705314,1.0,1.0,686.0
47111,2019,14678,49,14678,14678,47,경북,0.0033383294726802015,1.0,78391.0,61384.0,0.0,859.0,78391.0,61384.0,0.0,0.013993874625309526,1.0,1.0,-859.0
47111,2020,21789,2335,21789,21789,47,경북,0.10716416540456193,1.0,14678.0,78391.0,49.0,0.0,14678.0,78391.0,0.0033383294726802015,0.0,1.0,1.0,49.0
47111,2021,24465,8906,24465,24465,47,경북,0.36403024729204986,1.0,21789.0,14678.0,2335.0,49.0,21789.0,14678.0,0.10716416540456193,0.0033383294726802015,1.0,1.0,2286.0
47111,2022,9156,6006,9156,9156,47,경북,0.6559633027522935,1.0,24465.0,21789.0,8906.0,2335.0,24465.0,21789.0,0.36403024729204986,0.10716416540456193,1.0,1.0,6571.0
47111,2023,5,5,5,0,47,경북,1.0,0.0,9156.0,24465.0,6006.0,8906.0,9156.0,24465.0,0.6559633027522935,0.36403024729204986,1.0,1.0,-2900.0
47113,2016,25853,21546,25853,25853,47,경북,0.8334042470893126,1.0,,,,,,,,,,,
47113,2017,194745,26428,194745,194745,47,경북,0.13570566638424605,1.0,25853.0,,21546.0,,25853.0,,0.8334042470893126,,1.0,,
47113,2018,187334,5525,187257,187334,47,경북,0.029492777605773644,1.0,194745.0,25853.0,26428.0,21546.0,194745.0,25853.0,0.13570566638424605,0.8334042470893126,1.0,1.0,4882.0
47113,2019,38755,5994,38755,38755,47,경북,0.15466391433363438,1.0,187334.0,194745.0,5525.0,26428.0,187257.0,194745.0,0.029492777605773644,0.13570566638424605,1.0,1.0,-20903.0
47113,2020,40795,9473,40795,40795,47,경북,0.2322098296359848,1.0,38755.0,187334.0,5994.0,5525.0,38755.0,187257.0,0.15466391433363438,0.029492777605773644,1.0,1.0,469.0
47113,2021,36233,13607,36232,36233,47,경북,0.3755416333176938,1.0,40795.0,38755.0,9473.0,5994.0,40795.0,38755.0,0.2322098296359848,0.15466391433363438,1.0,1.0,3479.0
47113,2022,32778,14075,32778,32778,47,경북,0.4294038684483495,1.0,36233.0,40795.0,13607.0,9473.0,36232.0,40795.0,0.3755416333176938,0.2322098296359848,1.0,1.0,4134.0
47113,2023,7657,1910,7657,7657,47,경북,0.2494449523312002,1.0,32778.0,36233.0,14075.0,13607.0,32778.0,36232.0,0.4294038684483495,0.3755416333176938,1.0,1.0,468.0
47130,2016,51870,39880,51870,51870,47,경북,0.7688451898978215,1.0,,,,,,,,,,,
47130,2017,153549,61062,153549,153549,47,경북,0.3976711017329973,1.0,51870.0,,39880.0,,51870.0,,0.7688451898978215,,1.0,,
47130,2018,29020,11082,28915,29020,47,경북,0.3818745692625775,1.0,153549.0,51870.0,61062.0,39880.0,153549.0,51870.0,0.3976711017329973,0.7688451898978215,1.0,1.0,21182.0
47130,2019,153028,56263,152663,153028,47,경북,0.3676647410931333,1.0,29020.0,153549.0,11082.0,61062.0,28915.0,153549.0,0.3818745692625775,0.3976711017329973,1.0,1.0,-49980.0
47130,2020,62808,28850,61120,62808,47,경북,0.45933639026875556,1.0,153028.0,29020.0,56263.0,11082.0,152663.0,28915.0,0.3676647410931333,0.3818745692625775,1.0,1.0,45181.0
47130,2021,63638,24382,63635,63638,47,경북,0.38313586222068574,1.0,62808.0,153028.0,28850.0,56263.0,61120.0,152663.0,0.45933639026875556,0.3676647410931333,1.0,1.0,-27413.0
47130,2022,106868,61262,106628,95724,47,경북,0.57324924205562,0.8957218250552083,63638.0,62808.0,24382.0,28850.0,63635.0,61120.0,0.38313586222068574,0.45933639026875556,1.0,1.0,-4468.0
47130,2023,39637,23033,39444,29541,47,경북,0.5810984686025683,0.7452884930746525,106868.0,63638.0,61262.0,24382.0,106628.0,63635.0,0.57324924205562,0.38313586222068574,0.8957218250552083,1.0,36880.0
47150,2016,5095,0,5095,5095,47,경북,0.0,1.0,,,,,,,,,,,
47150,2017,4305,51,4305,4305,47,경북,0.011846689895470384,1.0,5095.0,,0.0,,5095.0,,0.0,,1.0,,
47150,2018,2366,417,2366,2366,47,경북,0.17624683009298395,1.0,4305.0,5095.0,51.0,0.0,4305.0,5095.0,0.011846689895470384,0.0,1.0,1.0,51.0
47150,2019,2688,603,2662,2688,47,경북,0.22433035714285715,1.0,2366.0,4305.0,417.0,51.0,2366.0,4305.0,0.17624683009298395,0.011846689895470384,1.0,1.0,366.0
47150,2020,3504,1626,3504,3504,47,경북,0.464041095890411,1.0,2688.0,2366.0,603.0,417.0,2662.0,2366.0,0.22433035714285715,0.17624683009298395,1.0,1.0,186.0
47150,2021,3387,1493,3387,3387,47,경북,0.4408030705639209,1.0,3504.0,2688.0,1626.0,603.0,3504.0,2662.0,0.464041095890411,0.22433035714285715,1.0,1.0,1023.0
47150,2022,3548,1660,3548,3540,47,경북,0.46786922209695603,0.9977452085682075,3387.0,3504.0,1493.0,1626.0,3387.0,3504.0,0.4408030705639209,0.464041095890411,1.0,1.0,-133.0
47150,2023,6254,4568,6254,5660,47,경북,0.7304125359769748,0.9050207866965142,3548.0,3387.0,1660.0,1493.0,3548.0,3387.0,0.46786922209695603,0.4408030705639209,0.9977452085682075,1.0,167.0
47170,2016,242618,266,242618,242618,47,경북,0.001096373723301651,1.0,,,,,,,,,,,
47170,2017,292510,805,292510,292510,47,경북,0.0027520426652080272,1.0,242618.0,,266.0,,242618.0,,0.001096373723301651,,1.0,,
47170,2018,203670,2632,203198,203670,47,경북,0.012922865419551234,1.0,292510.0,242618.0,805.0,266.0,292510.0,242618.0,0.0027520426652080272,0.001096373723301651,1.0,1.0,539.0
47170,2019,131098,1498,130710,131098,47,경북,0.011426566385452105,1.0,203670.0,292510.0,2632.0,805.0,203198.0,292510.0,0.012922865419551234,0.0027520426652080272,1.0,1.0,1827.0
47170,2020,135878,1884,134353,135878,47,경북,0.01386537923725695,1.0,131098.0,203670.0,1498.0,2632.0,130710.0,203198.0,0.011426566385452105,0.012922865419551234,1.0,1.0,-1134.0
47170,2021,52636,1431,52491,52636,47,경북,0.02718671631582947,1.0,135878.0,131098.0,1884.0,1498.0,134353.0,130710.0,0.01386537923725695,0.011426566385452105,1.0,1.0,386.0
47170,2022,110305,10148,108779,110272,47,경북,0.09199945605366937,0.9997008295181542,52636.0,135878.0,1431.0,1884.0,52491.0,134353.0,0.02718671631582947,0.01386537923725695,1.0,1.0,-453.0
47170,2023,83989,6183,82394,64998,47,경북,0.07361678315017443,0.7738870566383693,110305.0,52636.0,10148.0,1431.0,108779.0,52491.0,0.09199945605366937,0.02718671631582947,0.9997008295181542,1.0,8717.0
47190,2016,84726,2416,84725,84726,47,경북,0.028515449802894034,1.0,,,,,,,,,,,
47190,2017,135044,74776,131200,135044,47,경북,0.5537158259530227,1.0,84726.0,,2416.0,,84725.0,,0.028515449802894034,,1.0,,
47190,2018,135463,44929,131392,135463,47,경북,0.3316699024825967,1.0,135044.0,84726.0,74776.0,2416.0,131200.0,84725.0,0.5537158259530227,0.028515449802894034,1.0,1.0,72360.0
47190,2019,80470,23921,72457,80470,47,경북,0.2972660618864173,1.0,135463.0,135044.0,44929.0,74776.0,131392.0,131200.0,0.3316699024825967,0.5537158259530227,1.0,1.0,-29847.0
47190,2020,46592,19518,46503,46592,47,경북,0.41891311813186816,1.0,80470.0,135463.0,23921.0,44929.0,72457.0,131392.0,0.2972660618864173,0.3316699024825967,1.0,1.0,-21008.0
47190,2021,40330,16929,40323,40330,47,경북,0.41976196379866104,1.0,46592.0,80470.0,19518.0,23921.0,46503.0,72457.0,0.41891311813186816,0.2972660618864173,1.0,1.0,-4403.0
47190,2022,19892,10047,19811,19892,47,경북,0.5050774180575106,1.0,40330.0,46592.0,16929.0,19518.0,40323.0,46503.0,0.41976196379866104,0.41891311813186816,1.0,1.0,-2589.0
47190,2023,1,0,1,1,47,경북,0.0,1.0,19892.0,40330.0,10047.0,16929.0,19811.0,40323.0,0.5050774180575106,0.41976196379866104,1.0,1.0,-6882.0
47210,2016,4699,7,4699,4699,47,경북,0.0014896786550329857,1.0,,,,,,,,,,,
47210,2017,8534,13,8534,8534,47,경북,0.0015233184907429108,1.0,4699.0,,7.0,,4699.0,,0.0014896786550329857,,1.0,,
47210,2018,10226,23,10226,10226,47,경북,0.002249168785448856,1.0,8534.0,4699.0,13.0,7.0,8534.0,4699.0,0.0015233184907429108,0.0014896786550329857,1.0,1.0,6.0
47210,2019,15175,7,15175,15175,47,경북,0.00046128500823723227,1.0,10226.0,8534.0,23.0,13.0,10226.0,8534.0,0.002249168785448856,0.0015233184907429108,1.0,1.0,10.0
47210,2020,7746,120,3524,7746,47,경북,0.015491866769945779,1.0,15175.0,10226.0,7.0,23.0,15175.0,10226.0,0.00046128500823723227,0.002249168785448856,1.0,1.0,-16.0
47210,2021,12554,177,7038,12554,47,경북,0.014099091922893102,1.0,7746.0,15175.0,120.0,7.0,3524.0,15175.0,0.015491866769945779,0.00046128500823723227,1.0,1.0,113.0
47210,2022,2879,726,2289,2879,47,경북,0.25217089267106635,1.0,12554.0,7746.0,177.0,120.0,7038.0,3524.0,0.014099091922893102,0.015491866769945779,1.0,1.0,57.0
47210,2023,2,0,2,2,47,경북,0.0,1.0,2879.0,12554.0,726.0,177.0,2289.0,7038.0,0.25217089267106635,0.014099091922893102,1.0,1.0,549.0
47230,2016,129,15,129,129,47,경북,0.11627906976744186,1.0,,,,,,,,,,,
47230,2017,2304,104,2304,2304,47,경북,0.04513888888888889,1.0,129.0,,15.0,,129.0,,0.11627906976744186,,1.0,,
47230,2018,18175,163,2156,18175,47,경북,0.008968363136176065,1.0,2304.0,129.0,104.0,15.0,2304.0,129.0,0.04513888888888889,0.11627906976744186,1.0,1.0,89.0
47230,2019,17348,206,15781,17348,47,경북,0.011874567673507032,1.0,18175.0,2304.0,163.0,104.0,2156.0,2304.0,0.008968363136176065,0.04513888888888889,1.0,1.0,59.0
47230,2020,12119,457,12119,12119,47,경북,0.037709381962208105,1.0,17348.0,18175.0,206.0,163.0,15781.0,2156.0,0.011874567673507032,0.008968363136176065,1.0,1.0,43.0
47230,2021,14850,345,10812,14850,47,경북,0.023232323232323233,1.0,12119.0,17348.0,457.0,206.0,12119.0,15781.0,0.037709381962208105,0.011874567673507032,1.0,1.0,251.0
47230,2022,1855,464,1855,1855,47,경북,0.2501347708894879,1.0,14850.0,12119.0,345.0,457.0,10812.0,12119.0,0.023232323232323233,0.037709381962208105,1.0,1.0,-112.0
47250,2016,7590,1181,7590,7590,47,경북,0.15559947299077734,1.0,,,,,,,,,,,
47250,2017,9193,519,9052,9193,47,경북,0.05645599912977265,1.0,7590.0,,1181.0,,7590.0,,0.15559947299077734,,1.0,,
47250,2018,3900,202,3900,3900,47,경북,0.05179487179487179,1.0,9193.0,7590.0,519.0,1181.0,9052.0,7590.0,0.05645599912977265,0.15559947299077734,1.0,1.0,-662.0
47250,2019,5439,513,5439,5439,47,경북,0.0943188086045229,1.0,3900.0,9193.0,202.0,519.0,3900.0,9052.0,0.05179487179487179,0.05645599912977265,1.0,1.0,-317.0
47250,2020,6171,1072,5524,6171,47,경북,0.173715767298655,1.0,5439.0,3900.0,513.0,202.0,5439.0,3900.0,0.0943188086045229,0.05179487179487179,1.0,1.0,311.0
47250,2021,3981,712,3954,3981,47,경북,0.17884953529264003,1.0,6171.0,5439.0,1072.0,513.0,5524.0,5439.0,0.173715767298655,0.0943188086045229,1.0,1.0,559.0
47250,2022,1586,782,1586,1586,47,경북,0.4930643127364439,1.0,3981.0,6171.0,712.0,1072.0,3954.0,5524.0,0.17884953529264003,0.173715767298655,1.0,1.0,-360.0
47280,2016,301,1,301,301,47,경북,0.0033222591362126247,1.0,,,,,,,,,,,
47280,2017,275,0,275,275,47,경북,0.0,1.0,301.0,,1.0,,301.0,,0.0033222591362126247,,1.0,,
47280,2018,205,0,205,205,47,경북,0.0,1.0,275.0,301.0,0.0,1.0,275.0,301.0,0.0,0.0033222591362126247,1.0,1.0,-1.0
47280,2019,5,0,5,5,47,경북,0.0,1.0,205.0,275.0,0.0,0.0,205.0,275.0,0.0,0.0,1.0,1.0,0.0
47280,2020,2,2,2,2,47,경북,1.0,1.0,5.0,205.0,0.0,0.0,5.0,205.0,0.0,0.0,1.0,1.0,0.0
47280,2021,8,0,8,8,47,경북,0.0,1.0,2.0,5.0,2.0,0.0,2.0,5.0,1.0,0.0,1.0,1.0,2.0
47280,2022,1169,125,1169,1169,47,경북,0.10692899914456801,1.0,8.0,2.0,0.0,2.0,8.0,2.0,0.0,1.0,1.0,1.0,-2.0
47280,2023,3004,1188,3004,3004,47,경북,0.3954727030625832,1.0,1169.0,8.0,125.0,0.0,1169.0,8.0,0.10692899914456801,0.0,1.0,1.0,125.0
47290,2016,61,7,61,61,47,경북,0.11475409836065574,1.0,,,,,,,,,,,
47290,2017,104,18,104,104,47,경북,0.17307692307692307,1.0,61.0,,7.0,,61.0,,0.11475409836065574,,1.0,,
47290,2018,1934,12,1934,1934,47,경북,0.0062047569803516025,1.0,104.0,61.0,18.0,7.0,104.0,61.0,0.17307692307692307,0.11475409836065574,1.0,1.0,11.0
47290,2019,213,21,135,213,47,경북,0.09859154929577464,1.0,1934.0,104.0,12.0,18.0,1934.0,104.0,0.0062047569803516025,0.17307692307692307,1.0,1.0,-6.0
47290,2020,522,38,306,522,47,경북,0.07279693486590039,1.0,213.0,1934.0,21.0,12.0,135.0,1934.0,0.09859154929577464,0.0062047569803516025,1.0,1.0,9.0
47290,2021,513,48,143,513,47,경북,0.0935672514619883,1.0,522.0,213.0,38.0,21.0,306.0,135.0,0.07279693486590039,0.09859154929577464,1.0,1.0,17.0
47290,2022,719,27,327,719,47,경북,0.037552155771905425,1.0,513.0,522.0,48.0,38.0,143.0,306.0,0.0935672514619883,0.07279693486590039,1.0,1.0,10.0
47730,2016,19737,28,19737,19737,47,경북,0.0014186553174241274,1.0,,,,,,,,,,,
47730,2017,12770,162,9722,12770,47,경북,0.012685982772122162,1.0,19737.0,,28.0,,19737.0,,0.0014186553174241274,,1.0,,
47730,2018,11841,33,9998,11841,47,경북,0.002786926779832784,1.0,12770.0,19737.0,162.0,28.0,9722.0,19737.0,0.012685982772122162,0.0014186553174241274,1.0,1.0,134.0
47730,2019,12647,74,11906,12647,47,경북,0.005851190005534909,1.0,11841.0,12770.0,33.0,162.0,9998.0,9722.0,0.002786926779832784,0.012685982772122162,1.0,1.0,-129.0
47730,2020,8011,312,6544,8011,47,경북,0.038946448633129446,1.0,12647.0,11841.0,74.0,33.0,11906.0,9998.0,0.005851190005534909,0.002786926779832784,1.0,1.0,41.0
47730,2021,6661,878,4043,6661,47,경북,0.13181204023419907,1.0,8011.0,12647.0,312.0,74.0,6544.0,11906.0,0.038946448633129446,0.005851190005534909,1.0,1.0,238.0
47730,2022,2764,299,2031,2764,47,경북,0.10817655571635311,1.0,6661.0,8011.0,878.0,312.0,4043.0,6544.0,0.13181204023419907,0.038946448633129446,1.0,1.0,566.0
47750,2016,2,0,2,2,47,경북,0.0,1.0,,,,,,,,,,,
47750,2017,4,1,4,4,47,경북,0.25,1.0,2.0,,0.0,,2.0,,0.0,,1.0,,
47760,2016,11,0,11,11,47,경북,0.0,1.0,,,,,,,,,,,
47760,2017,2126,1,2126,2126,47,경북,0.00047036688617121356,1.0,11.0,,0.0,,11.0,,0.0,,1.0,,
47760,2018,1262,0,1262,1262,47,경북,0.0,1.0,2126.0,11.0,1.0,0.0,2126.0,11.0,0.00047036688617121356,0.0,1.0,1.0,1.0
47760,2023,1,0,1,1,47,경북,0.0,1.0,1262.0,2126.0,0.0,1.0,1262.0,2126.0,0.0,0.00047036688617121356,1.0,1.0,-1.0
47770,2016,4023,750,4023,4023,47,경북,0.18642803877703207,1.0,,,,,,,,,,,
47770,2017,20831,2369,19528,20831,47,경북,0.1137247371705631,1.0,4023.0,,750.0,,4023.0,,0.18642803877703207,,1.0,,
47770,2018,16226,226,13850,16226,47,경북,0.013928263281153704,1.0,20831.0,4023.0,2369.0,750.0,19528.0,4023.0,0.1137247371705631,0.18642803877703207,1.0,1.0,1619.0
47770,2019,7748,3248,7721,7748,47,경북,0.4192049561177078,1.0,16226.0,20831.0,226.0,2369.0,13850.0,19528.0,0.013928263281153704,0.1137247371705631,1.0,1.0,-2143.0
47770,2020,11560,1146,9916,11560,47,경북,0.09913494809688582,1.0,7748.0,16226.0,3248.0,226.0,7721.0,13850.0,0.4192049561177078,0.013928263281153704,1.0,1.0,3022.0
47770,2021,17288,902,12207,17288,47,경북,0.0521749190189727,1.0,11560.0,7748.0,1146.0,3248.0,9916.0,7721.0,0.09913494809688582,0.4192049561177078,1.0,1.0,-2102.0
47770,2022,17665,5716,17094,17665,47,경북,0.32357769600905745,1.0,17288.0,11560.0,902.0,1146.0,12207.0,9916.0,0.0521749190189727,0.09913494809688582,1.0,1.0,-244.0
47770,2023,4039,2675,4039,4039,47,경북,0.6622926466947264,1.0,17665.0,17288.0,5716.0,902.0,17094.0,12207.0,0.32357769600905745,0.0521749190189727,1.0,1.0,4814.0
47820,2016,2492,775,2492,2492,47,경북,0.3109951845906902,1.0,,,,,,,,,,,
47820,2017,9680,4097,9680,9680,47,경북,0.42324380165289255,1.0,2492.0,,775.0,,2492.0,,0.3109951845906902,,1.0,,
47820,2018,6775,2433,6775,6775,47,경북,0.3591143911439114,1.0,9680.0,2492.0,4097.0,775.0,9680.0,2492.0,0.42324380165289255,0.3109951845906902,1.0,1.0,3322.0
47820,2019,9415,3027,9415,9415,47,경북,0.32150823154540625,1.0,6775.0,9680.0,2433.0,4097.0,6775.0,9680.0,0.3591143911439114,0.42324380165289255,1.0,1.0,-1664.0
47820,2020,13449,6691,12073,13449,47,경북,0.4975091084839022,1.0,9415.0,6775.0,3027.0,2433.0,9415.0,6775.0,0.32150823154540625,0.3591143911439114,1.0,1.0,594.0
47820,2021,14719,3676,13655,14719,47,경북,0.2497452272572865,1.0,13449.0,9415.0,6691.0,3027.0,12073.0,9415.0,0.4975091084839022,0.32150823154540625,1.0,1.0,3664.0
47820,2022,3044,721,3037,3044,47,경북,0.23685939553219448,1.0,14719.0,13449.0,3676.0,6691.0,13655.0,12073.0,0.2497452272572865,0.4975091084839022,1.0,1.0,-3015.0
47820,2023,9,6,9,9,47,경북,0.6666666666666666,1.0,3044.0,14719.0,721.0,3676.0,3037.0,13655.0,0.23685939553219448,0.2497452272572865,1.0,1.0,-2955.0
47830,2016,2839,2020,2839,2839,47,경북,0.7115181401902079,1.0,,,,,,,,,,,
47830,2017,11858,4737,11635,11858,47,경북,0.399477146230393,1.0,2839.0,,2020.0,,2839.0,,0.7115181401902079,,1.0,,
47830,2018,15623,3542,15492,15623,47,경북,0.22671701977853165,1.0,11858.0,2839.0,4737.0,2020.0,11635.0,2839.0,0.399477146230393,0.7115181401902079,1.0,1.0,2717.0
47830,2019,12576,4369,11848,12576,47,경북,0.34740776081424934,1.0,15623.0,11858.0,3542.0,4737.0,15492.0,11635.0,0.22671701977853165,0.399477146230393,1.0,1.0,-1195.0
47830,2020,10502,7467,10502,10502,47,경북,0.711007427156732,1.0,12576.0,15623.0,4369.0,3542.0,11848.0,15492.0,0.34740776081424934,0.22671701977853165,1.0,1.0,827.0
47830,2021,18358,11750,18029,18358,47,경북,0.640047935504957,1.0,10502.0,12576.0,7467.0,4369.0,10502.0,11848.0,0.711007427156732,0.34740776081424934,1.0,1.0,3098.0
47830,2022,12417,6182,11860,12417,47,경북,0.4978658291052589,1.0,18358.0,10502.0,11750.0,7467.0,18029.0,10502.0,0.640047935504957,0.711007427156732,1.0,1.0,4283.0
47830,2023,30647,14137,28805,30647,47,경북,0.46128495448167844,1.0,12417.0,18358.0,6182.0,11750.0,11860.0,18029.0,0.4978658291052589,0.640047935504957,1.0,1.0,-5568.0
47840,2016,1462,58,1462,1462,47,경북,0.03967168262653899,1.0,,,,,,,,,,,
47840,2017,9759,3899,9759,9759,47,경북,0.3995286402295317,1.0,1462.0,,58.0,,1462.0,,0.03967168262653899,,1.0,,
47840,2018,16388,6244,16309,16388,47,경북,0.38101049548450083,1.0,9759.0,1462.0,3899.0,58.0,9759.0,1462.0,0.3995286402295317,0.03967168262653899,1.0,1.0,3841.0
47840,2019,10722,4062,10722,10722,47,경북,0.378847229994404,1.0,16388.0,9759.0,6244.0,3899.0,16309.0,9759.0,0.38101049548450083,0.3995286402295317,1.0,1.0,2345.0
47840,2020,15517,2676,14933,15517,47,경북,0.17245601598247084,1.0,10722.0,16388.0,4062.0,6244.0,10722.0,16309.0,0.378847229994404,0.38101049548450083,1.0,1.0,-2182.0
47840,2021,4580,1963,4578,4580,47,경북,0.42860262008733624,1.0,15517.0,10722.0,2676.0,4062.0,14933.0,10722.0,0.17245601598247084,0.378847229994404,1.0,1.0,-1386.0
47840,2022,6393,3015,6110,6393,47,경북,0.47160957297043643,1.0,4580.0,15517.0,1963.0,2676.0,4578.0,14933.0,0.42860262008733624,0.17245601598247084,1.0,1.0,-713.0
47840,2023,1795,1149,1792,1795,47,경북,0.6401114206128133,1.0,6393.0,4580.0,3015.0,1963.0,6110.0,4578.0,0.47160957297043643,0.42860262008733624,1.0,1.0,1052.0
47850,2016,2396,97,2396,2396,47,경북,0.04048414023372287,1.0,,,,,,,,,,,
47850,2017,5466,603,5301,5466,47,경북,0.11031833150384193,1.0,2396.0,,97.0,,2396.0,,0.04048414023372287,,1.0,,
47850,2018,13647,2253,13544,13647,47,경북,0.16509122884150362,1.0,5466.0,2396.0,603.0,97.0,5301.0,2396.0,0.11031833150384193,0.04048414023372287,1.0,1.0,506.0
47850,2019,8794,457,8778,8794,47,경북,0.051967250397998634,1.0,13647.0,5466.0,2253.0,603.0,13544.0,5301.0,0.16509122884150362,0.11031833150384193,1.0,1.0,1650.0
47850,2020,18763,564,18611,18763,47,경북,0.030059158983105048,1.0,8794.0,13647.0,457.0,2253.0,8778.0,13544.0,0.051967250397998634,0.16509122884150362,1.0,1.0,-1796.0
47850,2021,11069,1938,11031,11069,47,경북,0.17508356671786068,1.0,18763.0,8794.0,564.0,457.0,18611.0,8778.0,0.030059158983105048,0.051967250397998634,1.0,1.0,107.0
47850,2022,4502,1462,4489,4502,47,경북,0.3247445579742337,1.0,11069.0,18763.0,1938.0,564.0,11031.0,18611.0,0.17508356671786068,0.030059158983105048,1.0,1.0,1374.0
47850,2023,68,67,68,68,47,경북,0.9852941176470589,1.0,4502.0,11069.0,1462.0,1938.0,4489.0,11031.0,0.3247445579742337,0.17508356671786068,1.0,1.0,-476.0
47900,2016,2,0,2,2,47,경북,0.0,1.0,,,,,,,,,,,
47900,2017,38,1,38,38,47,경북,0.02631578947368421,1.0,2.0,,0.0,,2.0,,0.0,,1.0,,
47900,2018,4953,0,4953,4953,47,경북,0.0,1.0,38.0,2.0,1.0,0.0,38.0,2.0,0.02631578947368421,0.0,1.0,1.0,1.0
47900,2019,4171,1,4171,4171,47,경북,0.0002397506593143131,1.0,4953.0,38.0,0.0,1.0,4953.0,38.0,0.0,0.02631578947368421,1.0,1.0,-1.0
47900,2020,2632,5,2632,2632,47,경북,0.001899696048632219,1.0,4171.0,4953.0,1.0,0.0,4171.0,4953.0,0.0002397506593143131,0.0,1.0,1.0,1.0
47900,2021,1954,31,1753,1954,47,경북,0.01586489252814739,1.0,2632.0,4171.0,5.0,1.0,2632.0,4171.0,0.001899696048632219,0.0002397506593143131,1.0,1.0,4.0
47900,2022,417,38,299,417,47,경북,0.09112709832134293,1.0,1954.0,2632.0,31.0,5.0,1753.0,2632.0,0.01586489252814739,0.001899696048632219,1.0,1.0,26.0
47920,2016,1,0,1,1,47,경북,0.0,1.0,,,,,,,,,,,
47920,2017,4624,5,4624,4624,47,경북,0.0010813148788927337,1.0,1.0,,0.0,,1.0,,0.0,,1.0,,
47920,2018,1079,0,1079,1079,47,경북,0.0,1.0,4624.0,1.0,5.0,0.0,4624.0,1.0,0.0010813148788927337,0.0,1.0,1.0,5.0
47920,2019,1021,2,1021,1021,47,경북,0.0019588638589618022,1.0,1079.0,4624.0,0.0,5.0,1079.0,4624.0,0.0,0.0010813148788927337,1.0,1.0,-5.0
47920,2020,2093,1,2075,2093,47,경북,0.00047778308647873863,1.0,1021.0,1079.0,2.0,0.0,1021.0,1079.0,0.0019588638589618022,0.0,1.0,1.0,2.0
47920,2021,1373,3,1236,1373,47,경북,0.0021849963583394027,1.0,2093.0,1021.0,1.0,2.0,2075.0,1021.0,0.00047778308647873863,0.0019588638589618022,1.0,1.0,-1.0
47920,2022,2585,31,1686,2532,47,경북,0.011992263056092843,0.9794970986460348,1373.0,2093.0,3.0,1.0,1236.0,2075.0,0.0021849963583394027,0.00047778308647873863,1.0,1.0,2.0
47920,2023,1217,19,1157,1018,47,경북,0.015612161051766639,0.8364831552999178,2585.0,1373.0,31.0,3.0,1686.0,1236.0,0.011992263056092843,0.0021849963583394027,0.9794970986460348,1.0,28.0
47930,2016,580,0,580,580,47,경북,0.0,1.0,,,,,,,,,,,
47930,2017,301,0,301,301,47,경북,0.0,1.0,580.0,,0.0,,580.0,,0.0,,1.0,,
47930,2018,38,0,38,38,47,경북,0.0,1.0,301.0,580.0,0.0,0.0,301.0,580.0,0.0,0.0,1.0,1.0,0.0
47930,2019,2,0,2,2,47,경북,0.0,1.0,38.0,301.0,0.0,0.0,38.0,301.0,0.0,0.0,1.0,1.0,0.0
47930,2021,134,1,1,134,47,경북,0.007462686567164179,1.0,2.0,38.0,0.0,0.0,2.0,38.0,0.0,0.0,1.0,1.0,0.0
48121,2016,7969,7740,7959,7969,48,경남,0.971263646630694,1.0,,,,,,,,,,,
48121,2017,85384,10676,84837,85384,48,경남,0.12503513538836317,1.0,7969.0,,7740.0,,7959.0,,0.971263646630694,,1.0,,
48121,2018,11921,23,11921,11921,48,경남,0.001929368341582082,1.0,85384.0,7969.0,10676.0,7740.0,84837.0,7959.0,0.12503513538836317,0.971263646630694,1.0,1.0,2936.0
48121,2019,31882,1448,31882,31882,48,경남,0.04541747694623926,1.0,11921.0,85384.0,23.0,10676.0,11921.0,84837.0,0.001929368341582082,0.12503513538836317,1.0,1.0,-10653.0
48121,2020,7507,1602,7507,7507,48,경남,0.21340082589583056,1.0,31882.0,11921.0,1448.0,23.0,31882.0,11921.0,0.04541747694623926,0.001929368341582082,1.0,1.0,1425.0
48121,2021,2723,545,2723,2723,48,경남,0.20014689680499448,1.0,7507.0,31882.0,1602.0,1448.0,7507.0,31882.0,0.21340082589583056,0.04541747694623926,1.0,1.0,154.0
48121,2022,1143,569,1143,1143,48,경남,0.4978127734033246,1.0,2723.0,7507.0,545.0,1602.0,2723.0,7507.0,0.20014689680499448,0.21340082589583056,1.0,1.0,-1057.0
48123,2016,873,703,709,873,48,경남,0.8052691867124857,1.0,,,,,,,,,,,
48123,2017,1861,406,1861,1861,48,경남,0.2181622783449758,1.0,873.0,,703.0,,709.0,,0.8052691867124857,,1.0,,
48123,2018,1159,0,1159,1159,48,경남,0.0,1.0,1861.0,873.0,406.0,703.0,1861.0,709.0,0.2181622783449758,0.8052691867124857,1.0,1.0,-297.0
48123,2019,1638,224,1638,1638,48,경남,0.13675213675213677,1.0,1159.0,1861.0,0.0,406.0,1159.0,1861.0,0.0,0.2181622783449758,1.0,1.0,-406.0
48123,2020,4796,123,4796,4796,48,경남,0.025646371976647205,1.0,1638.0,1159.0,224.0,0.0,1638.0,1159.0,0.13675213675213677,0.0,1.0,1.0,224.0
48123,2021,905,30,905,905,48,경남,0.03314917127071823,1.0,4796.0,1638.0,123.0,224.0,4796.0,1638.0,0.025646371976647205,0.13675213675213677,1.0,1.0,-101.0
48123,2022,1381,828,1381,1381,48,경남,0.5995655322230268,1.0,905.0,4796.0,30.0,123.0,905.0,4796.0,0.03314917127071823,0.025646371976647205,1.0,1.0,-93.0
48125,2016,2331,2239,2331,2331,48,경남,0.9605319605319605,1.0,,,,,,,,,,,
48125,2017,11558,600,11558,11558,48,경남,0.051912095518255756,1.0,2331.0,,2239.0,,2331.0,,0.9605319605319605,,1.0,,
48125,2018,28676,1046,28676,28676,48,경남,0.036476496024550144,1.0,11558.0,2331.0,600.0,2239.0,11558.0,2331.0,0.051912095518255756,0.9605319605319605,1.0,1.0,-1639.0
48125,2019,17511,2406,17511,17511,48,경남,0.13739934898064074,1.0,28676.0,11558.0,1046.0,600.0,28676.0,11558.0,0.036476496024550144,0.051912095518255756,1.0,1.0,446.0
48125,2020,11964,1577,11964,11964,48,경남,0.13181210297559345,1.0,17511.0,28676.0,2406.0,1046.0,17511.0,28676.0,0.13739934898064074,0.036476496024550144,1.0,1.0,1360.0
48125,2021,9218,1480,9218,9218,48,경남,0.1605554350184422,1.0,11964.0,17511.0,1577.0,2406.0,11964.0,17511.0,0.13181210297559345,0.13739934898064074,1.0,1.0,-829.0
48125,2022,3741,2020,3741,3741,48,경남,0.5399625768511094,1.0,9218.0,11964.0,1480.0,1577.0,9218.0,11964.0,0.1605554350184422,0.13181210297559345,1.0,1.0,-97.0
48127,2016,837,836,837,837,48,경남,0.998805256869773,1.0,,,,,,,,,,,
48127,2017,1609,250,1609,1609,48,경남,0.15537600994406464,1.0,837.0,,836.0,,837.0,,0.998805256869773,,1.0,,
48127,2018,4040,16,3608,4040,48,경남,0.0039603960396039604,1.0,1609.0,837.0,250.0,836.0,1609.0,837.0,0.15537600994406464,0.998805256869773,1.0,1.0,-586.0
48127,2019,6561,470,6291,6561,48,경남,0.07163542142966012,1.0,4040.0,1609.0,16.0,250.0,3608.0,1609.0,0.0039603960396039604,0.15537600994406464,1.0,1.0,-234.0
48127,2020,8463,831,8463,8463,48,경남,0.09819213045019497,1.0,6561.0,4040.0,470.0,16.0,6291.0,3608.0,0.07163542142966012,0.0039603960396039604,1.0,1.0,454.0
48127,2021,3000,93,3000,3000,48,경남,0.031,1.0,8463.0,6561.0,831.0,470.0,8463.0,6291.0,0.09819213045019497,0.07163542142966012,1.0,1.0,361.0
48127,2022,1702,834,1702,1702,48,경남,0.4900117508813161,1.0,3000.0,8463.0,93.0,831.0,3000.0,8463.0,0.031,0.09819213045019497,1.0,1.0,-738.0
48129,2016,876,876,876,876,48,경남,1.0,1.0,,,,,,,,,,,
48129,2017,1695,327,1695,1695,48,경남,0.1929203539823009,1.0,876.0,,876.0,,876.0,,1.0,,1.0,,
48129,2018,1384,78,1384,1384,48,경남,0.05635838150289017,1.0,1695.0,876.0,327.0,876.0,1695.0,876.0,0.1929203539823009,1.0,1.0,1.0,-549.0
48129,2019,843,99,843,843,48,경남,0.11743772241992882,1.0,1384.0,1695.0,78.0,327.0,1384.0,1695.0,0.05635838150289017,0.1929203539823009,1.0,1.0,-249.0
48129,2020,1084,2,1084,1084,48,경남,0.0018450184501845018,1.0,843.0,1384.0,99.0,78.0,843.0,1384.0,0.11743772241992882,0.05635838150289017,1.0,1.0,21.0
48129,2021,703,126,703,703,48,경남,0.17923186344238975,1.0,1084.0,843.0,2.0,99.0,1084.0,843.0,0.0018450184501845018,0.11743772241992882,1.0,1.0,-97.0
48129,2022,497,195,497,497,48,경남,0.39235412474849096,1.0,703.0,1084.0,126.0,2.0,703.0,1084.0,0.17923186344238975,0.0018450184501845018,1.0,1.0,124.0
48129,2023,112,112,112,112,48,경남,1.0,1.0,497.0,703.0,195.0,126.0,497.0,703.0,0.39235412474849096,0.17923186344238975,1.0,1.0,69.0
48170,2016,3191,588,3191,3191,48,경남,0.18426825446568473,1.0,,,,,,,,,,,
48170,2017,14222,6859,13575,14222,48,경남,0.4822809731402053,1.0,3191.0,,588.0,,3191.0,,0.18426825446568473,,1.0,,
48170,2018,44850,9099,44279,44850,48,경남,0.202876254180602,1.0,14222.0,3191.0,6859.0,588.0,13575.0,3191.0,0.4822809731402053,0.18426825446568473,1.0,1.0,6271.0
48170,2019,30272,3988,30197,30272,48,경남,0.13173890063424948,1.0,44850.0,14222.0,9099.0,6859.0,44279.0,13575.0,0.202876254180602,0.4822809731402053,1.0,1.0,2240.0
48170,2020,23666,6340,23664,23666,48,경남,0.267894870278036,1.0,30272.0,44850.0,3988.0,9099.0,30197.0,44279.0,0.13173890063424948,0.202876254180602,1.0,1.0,-5111.0
48170,2021,6888,2761,6888,6888,48,경남,0.40084204413472707,1.0,23666.0,30272.0,6340.0,3988.0,23664.0,30197.0,0.267894870278036,0.13173890063424948,1.0,1.0,2352.0
48170,2022,23772,10215,23772,23772,48,경남,0.42970721857647654,1.0,6888.0,23666.0,2761.0,6340.0,6888.0,23664.0,0.40084204413472707,0.267894870278036,1.0,1.0,-3579.0
48170,2023,16072,1319,16072,14956,48,경남,0.0820681931309109,0.930562468889995,23772.0,6888.0,10215.0,2761.0,23772.0,6888.0,0.42970721857647654,0.40084204413472707,1.0,1.0,7454.0
48220,2016,3251,1691,3251,3251,48,경남,0.5201476468778837,1.0,,,,,,,,,,,
48220,2017,6195,2488,6195,6195,48,경남,0.4016142050040355,1.0,3251.0,,1691.0,,3251.0,,0.5201476468778837,,1.0,,
48220,2018,7164,2421,7091,7164,48,경남,0.3379396984924623,1.0,6195.0,3251.0,2488.0,1691.0,6195.0,3251.0,0.4016142050040355,0.5201476468778837,1.0,1.0,797.0
48220,2019,8596,1639,8569,8596,48,경남,0.1906700791065612,1.0,7164.0,6195.0,2421.0,2488.0,7091.0,6195.0,0.3379396984924623,0.4016142050040355,1.0,1.0,-67.0
48220,2020,7352,1819,7352,7352,48,경남,0.24741566920565833,1.0,8596.0,7164.0,1639.0,2421.0,8569.0,7091.0,0.1906700791065612,0.3379396984924623,1.0,1.0,-782.0
48220,2021,3278,1705,3278,3278,48,경남,0.5201342281879194,1.0,7352.0,8596.0,1819.0,1639.0,7352.0,8569.0,0.24741566920565833,0.1906700791065612,1.0,1.0,180.0
48220,2022,4751,1890,4751,4751,48,경남,0.39781098716059776,1.0,3278.0,7352.0,1705.0,1819.0,3278.0,7352.0,0.5201342281879194,0.24741566920565833,1.0,1.0,-114.0
48220,2023,4602,1920,4587,4602,48,경남,0.4172099087353325,1.0,4751.0,3278.0,1890.0,1705.0,4751.0,3278.0,0.39781098716059776,0.5201342281879194,1.0,1.0,185.0
48240,2016,18179,6994,18179,18179,48,경남,0.3847296330931294,1.0,,,,,,,,,,,
48240,2017,24479,17217,24479,24479,48,경남,0.7033375546386699,1.0,18179.0,,6994.0,,18179.0,,0.3847296330931294,,1.0,,
48240,2018,44175,24256,44175,44175,48,경남,0.5490888511601585,1.0,24479.0,18179.0,17217.0,6994.0,24479.0,18179.0,0.7033375546386699,0.3847296330931294,1.0,1.0,10223.0
48240,2019,31840,22338,31840,31840,48,경남,0.701570351758794,1.0,44175.0,24479.0,24256.0,17217.0,44175.0,24479.0,0.5490888511601585,0.7033375546386699,1.0,1.0,7039.0
48240,2020,13087,7174,13087,13087,48,경남,0.5481775808053794,1.0,31840.0,44175.0,22338.0,24256.0,31840.0,44175.0,0.701570351758794,0.5490888511601585,1.0,1.0,-1918.0
48240,2021,16038,6596,16038,16038,48,경남,0.4112732260880409,1.0,13087.0,31840.0,7174.0,22338.0,13087.0,31840.0,0.5481775808053794,0.701570351758794,1.0,1.0,-15164.0
48240,2022,7202,5663,7202,7202,48,경남,0.7863093585115246,1.0,16038.0,13087.0,6596.0,7174.0,16038.0,13087.0,0.4112732260880409,0.5481775808053794,1.0,1.0,-578.0
48250,2016,19363,17,19363,19363,48,경남,0.000877963125548727,1.0,,,,,,,,,,,
48250,2017,38492,33145,38492,38492,48,경남,0.8610880182895148,1.0,19363.0,,17.0,,19363.0,,0.000877963125548727,,1.0,,
48250,2018,16083,10246,15334,16083,48,경남,0.6370701983460797,1.0,38492.0,19363.0,33145.0,17.0,38492.0,19363.0,0.8610880182895148,0.000877963125548727,1.0,1.0,33128.0
48250,2019,20204,4046,16748,20204,48,경남,0.20025737477727182,1.0,16083.0,38492.0,10246.0,33145.0,15334.0,38492.0,0.6370701983460797,0.8610880182895148,1.0,1.0,-22899.0
48250,2020,12839,2517,12712,12839,48,경남,0.196043305553392,1.0,20204.0,16083.0,4046.0,10246.0,16748.0,15334.0,0.20025737477727182,0.6370701983460797,1.0,1.0,-6200.0
48250,2021,12927,2925,12865,12927,48,경남,0.22627059642608494,1.0,12839.0,20204.0,2517.0,4046.0,12712.0,16748.0,0.196043305553392,0.20025737477727182,1.0,1.0,-1529.0
48250,2022,14512,3360,14511,14512,48,경남,0.23153252480705622,1.0,12927.0,12839.0,2925.0,2517.0,12865.0,12712.0,0.22627059642608494,0.196043305553392,1.0,1.0,408.0
48250,2023,12082,3091,12082,12082,48,경남,0.2558351266346631,1.0,14512.0,12927.0,3360.0,2925.0,14511.0,12865.0,0.23153252480705622,0.22627059642608494,1.0,1.0,435.0
48270,2016,54782,52593,54671,54782,48,경남,0.9600416195100581,1.0,,,,,,,,,,,
48270,2017,84170,14230,84170,84170,48,경남,0.16906261138172746,1.0,54782.0,,52593.0,,54671.0,,0.9600416195100581,,1.0,,
48270,2018,72852,43384,72852,72852,48,경남,0.5955087025750837,1.0,84170.0,54782.0,14230.0,52593.0,84170.0,54671.0,0.16906261138172746,0.9600416195100581,1.0,1.0,-38363.0
48270,2019,63763,13546,63763,63763,48,경남,0.21244295280962314,1.0,72852.0,84170.0,43384.0,14230.0,72852.0,84170.0,0.5955087025750837,0.16906261138172746,1.0,1.0,29154.0
48270,2020,58350,8281,57016,58350,48,경남,0.14191945158526134,1.0,63763.0,72852.0,13546.0,43384.0,63763.0,72852.0,0.21244295280962314,0.5955087025750837,1.0,1.0,-29838.0
48270,2021,64005,26139,64005,64005,48,경남,0.40838996953363016,1.0,58350.0,63763.0,8281.0,13546.0,57016.0,63763.0,0.14191945158526134,0.21244295280962314,1.0,1.0,-5265.0
48270,2022,33481,19713,33481,33472,48,경남,0.5887816970819271,0.9997311908246468,64005.0,58350.0,26139.0,8281.0,64005.0,57016.0,0.40838996953363016,0.14191945158526134,1.0,1.0,17858.0
48270,2023,3494,2345,3494,3494,48,경남,0.6711505437893531,1.0,33481.0,64005.0,19713.0,26139.0,33481.0,64005.0,0.5887816970819271,0.40838996953363016,0.9997311908246468,1.0,-6426.0
48310,2016,15719,10636,15719,15719,48,경남,0.6766333736242763,1.0,,,,,,,,,,,
48310,2017,30793,23240,30383,30793,48,경남,0.7547169811320755,1.0,15719.0,,10636.0,,15719.0,,0.6766333736242763,,1.0,,
48310,2018,36878,14785,36878,36878,48,경남,0.4009165356038831,1.0,30793.0,15719.0,23240.0,10636.0,30383.0,15719.0,0.7547169811320755,0.6766333736242763,1.0,1.0,12604.0
48310,2019,37409,4709,37409,37409,48,경남,0.12587879921943917,1.0,36878.0,30793.0,14785.0,23240.0,36878.0,30383.0,0.4009165356038831,0.7547169811320755,1.0,1.0,-8455.0
48310,2020,21358,4891,21350,21358,48,경남,0.22900084277554078,1.0,37409.0,36878.0,4709.0,14785.0,37409.0,36878.0,0.12587879921943917,0.4009165356038831,1.0,1.0,-10076.0
48310,2021,18922,6045,18922,18922,48,경남,0.31946940069760066,1.0,21358.0,37409.0,4891.0,4709.0,21350.0,37409.0,0.22900084277554078,0.12587879921943917,1.0,1.0,182.0
48310,2022,24810,5429,24810,24810,48,경남,0.2188230552196695,1.0,18922.0,21358.0,6045.0,4891.0,18922.0,21350.0,0.31946940069760066,0.22900084277554078,1.0,1.0,1154.0
48310,2023,4003,1206,4003,4003,48,경남,0.30127404446665,1.0,24810.0,18922.0,5429.0,6045.0,24810.0,18922.0,0.2188230552196695,0.31946940069760066,1.0,1.0,-616.0
48330,2016,13913,28,13847,13913,48,경남,0.0020125062890821535,1.0,,,,,,,,,,,
48330,2017,19720,4603,19679,19720,48,경남,0.2334178498985801,1.0,13913.0,,28.0,,13847.0,,0.0020125062890821535,,1.0,,
48330,2018,13877,3069,13877,13877,48,경남,0.22115731065792318,1.0,19720.0,13913.0,4603.0,28.0,19679.0,13847.0,0.2334178498985801,0.0020125062890821535,1.0,1.0,4575.0
48330,2019,14821,2922,14821,14821,48,경남,0.19715268875244585,1.0,13877.0,19720.0,3069.0,4603.0,13877.0,19679.0,0.22115731065792318,0.2334178498985801,1.0,1.0,-1534.0
48330,2020,10293,2964,10293,10293,48,경남,0.28796269309239286,1.0,14821.0,13877.0,2922.0,3069.0,14821.0,13877.0,0.19715268875244585,0.22115731065792318,1.0,1.0,-147.0
48330,2021,11779,3748,11779,11779,48,경남,0.31819339502504457,1.0,10293.0,14821.0,2964.0,2922.0,10293.0,14821.0,0.28796269309239286,0.19715268875244585,1.0,1.0,42.0
48330,2022,16464,4961,16454,16464,48,경남,0.30132410106899904,1.0,11779.0,10293.0,3748.0,2964.0,11779.0,10293.0,0.31819339502504457,0.28796269309239286,1.0,1.0,784.0
48330,2023,4917,1592,4917,4917,48,경남,0.32377465934512917,1.0,16464.0,11779.0,4961.0,3748.0,16454.0,11779.0,0.30132410106899904,0.31819339502504457,1.0,1.0,1213.0
48720,2016,4327,1486,4327,4327,48,경남,0.34342500577767504,1.0,,,,,,,,,,,
48720,2017,10474,2197,10474,10474,48,경남,0.20975749474890204,1.0,4327.0,,1486.0,,4327.0,,0.34342500577767504,,1.0,,
48720,2018,40251,3590,40251,40251,48,경남,0.08919033067501428,1.0,10474.0,4327.0,2197.0,1486.0,10474.0,4327.0,0.20975749474890204,0.34342500577767504,1.0,1.0,711.0
48720,2019,18070,1316,18070,18070,48,경남,0.0728278915329275,1.0,40251.0,10474.0,3590.0,2197.0,40251.0,10474.0,0.08919033067501428,0.20975749474890204,1.0,1.0,1393.0
48720,2020,4060,671,4060,4060,48,경남,0.16527093596059114,1.0,18070.0,40251.0,1316.0,3590.0,18070.0,40251.0,0.0728278915329275,0.08919033067501428,1.0,1.0,-2274.0
48720,2021,10185,3648,10185,10185,48,경남,0.3581737849779087,1.0,4060.0,18070.0,671.0,1316.0,4060.0,18070.0,0.16527093596059114,0.0728278915329275,1.0,1.0,-645.0
48720,2022,2007,2004,2007,2007,48,경남,0.9985052316890882,1.0,10185.0,4060.0,3648.0,671.0,10185.0,4060.0,0.3581737849779087,0.16527093596059114,1.0,1.0,2977.0
48730,2016,4857,3991,4857,4857,48,경남,0.8217006382540663,1.0,,,,,,,,,,,
48730,2017,14657,9646,14656,14657,48,경남,0.6581155761752064,1.0,4857.0,,3991.0,,4857.0,,0.8217006382540663,,1.0,,
48730,2018,9128,2822,9128,9128,48,경남,0.30915863277826466,1.0,14657.0,4857.0,9646.0,3991.0,14656.0,4857.0,0.6581155761752064,0.8217006382540663,1.0,1.0,5655.0
48730,2019,24070,4213,18819,24070,48,경남,0.17503115911923556,1.0,9128.0,14657.0,2822.0,9646.0,9128.0,14656.0,0.30915863277826466,0.6581155761752064,1.0,1.0,-6824.0
48730,2020,21013,4741,21013,21013,48,경남,0.22562223385523247,1.0,24070.0,9128.0,4213.0,2822.0,18819.0,9128.0,0.17503115911923556,0.30915863277826466,1.0,1.0,1391.0
48730,2021,5955,1396,5955,5955,48,경남,0.23442485306465155,1.0,21013.0,24070.0,4741.0,4213.0,21013.0,18819.0,0.22562223385523247,0.17503115911923556,1.0,1.0,528.0
48730,2022,19489,9037,19489,19489,48,경남,0.4636974703678998,1.0,5955.0,21013.0,1396.0,4741.0,5955.0,21013.0,0.23442485306465155,0.22562223385523247,1.0,1.0,-3345.0
48740,2016,16234,2182,16234,16234,48,경남,0.1344092645065911,1.0,,,,,,,,,,,
48740,2017,39033,158,39033,39033,48,경남,0.004047856941562268,1.0,16234.0,,2182.0,,16234.0,,0.1344092645065911,,1.0,,
48740,2018,27225,47,27222,27225,48,경남,0.001726354453627181,1.0,39033.0,16234.0,158.0,2182.0,39033.0,16234.0,0.004047856941562268,0.1344092645065911,1.0,1.0,-2024.0
48740,2019,41321,79,39745,41321,48,경남,0.0019118607971733502,1.0,27225.0,39033.0,47.0,158.0,27222.0,39033.0,0.001726354453627181,0.004047856941562268,1.0,1.0,-111.0
48740,2020,23502,3295,22023,23502,48,경남,0.1402008339715769,1.0,41321.0,27225.0,79.0,47.0,39745.0,27222.0,0.0019118607971733502,0.001726354453627181,1.0,1.0,32.0
48740,2021,16223,7510,15603,16223,48,경남,0.46292301054059054,1.0,23502.0,41321.0,3295.0,79.0,22023.0,39745.0,0.1402008339715769,0.0019118607971733502,1.0,1.0,3216.0
48740,2022,7483,869,7482,7483,48,경남,0.11612989442736871,1.0,16223.0,23502.0,7510.0,3295.0,15603.0,22023.0,0.46292301054059054,0.1402008339715769,1.0,1.0,4215.0
48740,2023,2,2,2,2,48,경남,1.0,1.0,7483.0,16223.0,869.0,7510.0,7482.0,15603.0,0.11612989442736871,0.46292301054059054,1.0,1.0,-6641.0
48820,2016,4656,1135,4656,4656,48,경남,0.24377147766323023,1.0,,,,,,,,,,,
48820,2017,6685,1678,6685,6685,48,경남,0.25100972326103216,1.0,4656.0,,1135.0,,4656.0,,0.24377147766323023,,1.0,,
48820,2018,6336,829,6336,6336,48,경남,0.13083964646464646,1.0,6685.0,4656.0,1678.0,1135.0,6685.0,4656.0,0.25100972326103216,0.24377147766323023,1.0,1.0,543.0
48820,2019,14070,638,13187,14070,48,경남,0.045344705046197586,1.0,6336.0,6685.0,829.0,1678.0,6336.0,6685.0,0.13083964646464646,0.25100972326103216,1.0,1.0,-849.0
48820,2020,8116,3710,6388,8116,48,경남,0.4571217348447511,1.0,14070.0,6336.0,638.0,829.0,13187.0,6336.0,0.045344705046197586,0.13083964646464646,1.0,1.0,-191.0
48820,2021,3695,2168,3695,3695,48,경남,0.5867388362652233,1.0,8116.0,14070.0,3710.0,638.0,6388.0,13187.0,0.4571217348447511,0.045344705046197586,1.0,1.0,3072.0
48820,2022,4824,855,4824,4824,48,경남,0.17723880597014927,1.0,3695.0,8116.0,2168.0,3710.0,3695.0,6388.0,0.5867388362652233,0.4571217348447511,1.0,1.0,-1542.0
48820,2023,4386,609,4386,4386,48,경남,0.13885088919288646,1.0,4824.0,3695.0,855.0,2168.0,4824.0,3695.0,0.17723880597014927,0.5867388362652233,1.0,1.0,-1313.0
48840,2016,3813,367,3813,3813,48,경남,0.0962496721741411,1.0,,,,,,,,,,,
48840,2017,4708,1045,4708,4708,48,경남,0.2219626168224299,1.0,3813.0,,367.0,,3813.0,,0.0962496721741411,,1.0,,
48840,2018,3318,512,3318,3318,48,경남,0.15430982519590114,1.0,4708.0,3813.0,1045.0,367.0,4708.0,3813.0,0.2219626168224299,0.0962496721741411,1.0,1.0,678.0
48840,2019,2434,313,2434,2434,48,경남,0.128594905505341,1.0,3318.0,4708.0,512.0,1045.0,3318.0,4708.0,0.15430982519590114,0.2219626168224299,1.0,1.0,-533.0
48840,2020,739,144,739,739,48,경남,0.19485791610284167,1.0,2434.0,3318.0,313.0,512.0,2434.0,3318.0,0.128594905505341,0.15430982519590114,1.0,1.0,-199.0
48840,2021,348,68,348,348,48,경남,0.19540229885057472,1.0,739.0,2434.0,144.0,313.0,739.0,2434.0,0.19485791610284167,0.128594905505341,1.0,1.0,-169.0
48840,2022,1685,141,1685,1685,48,경남,0.08367952522255193,1.0,348.0,739.0,68.0,144.0,348.0,739.0,0.19540229885057472,0.19485791610284167,1.0,1.0,-76.0
48840,2023,295,12,295,295,48,경남,0.04067796610169491,1.0,1685.0,348.0,141.0,68.0,1685.0,348.0,0.08367952522255193,0.19540229885057472,1.0,1.0,73.0
48850,2016,12811,501,12811,12811,48,경남,0.03910701740691593,1.0,,,,,,,,,,,
48850,2017,22503,6124,22503,22503,48,경남,0.2721414922454784,1.0,12811.0,,501.0,,12811.0,,0.03910701740691593,,1.0,,
48850,2018,21687,5719,21687,21687,48,경남,0.2637063678701526,1.0,22503.0,12811.0,6124.0,501.0,22503.0,12811.0,0.2721414922454784,0.03910701740691593,1.0,1.0,5623.0
48850,2019,22508,7479,22508,22508,48,경남,0.33228185534032345,1.0,21687.0,22503.0,5719.0,6124.0,21687.0,22503.0,0.2637063678701526,0.2721414922454784,1.0,1.0,-405.0
48850,2020,30202,8127,30202,30202,48,경남,0.26908813985828756,1.0,22508.0,21687.0,7479.0,5719.0,22508.0,21687.0,0.33228185534032345,0.2637063678701526,1.0,1.0,1760.0
48850,2021,35296,12675,35283,35296,48,경남,0.3591058476881233,1.0,30202.0,22508.0,8127.0,7479.0,30202.0,22508.0,0.26908813985828756,0.33228185534032345,1.0,1.0,648.0
48850,2022,19284,12383,19284,18767,48,경남,0.6421385604646339,0.9731902095001037,35296.0,30202.0,12675.0,8127.0,35283.0,30202.0,0.3591058476881233,0.26908813985828756,1.0,1.0,4548.0
48850,2023,19432,13819,19432,15930,48,경남,0.7111465623713462,0.819781803211198,19284.0,35296.0,12383.0,12675.0,19284.0,35283.0,0.6421385604646339,0.3591058476881233,0.9731902095001037,1.0,-292.0
48860,2016,83,15,83,83,48,경남,0.18072289156626506,1.0,,,,,,,,,,,
48860,2017,519,37,519,519,48,경남,0.07129094412331406,1.0,83.0,,15.0,,83.0,,0.18072289156626506,,1.0,,
48860,2018,890,28,890,890,48,경남,0.03146067415730337,1.0,519.0,83.0,37.0,15.0,519.0,83.0,0.07129094412331406,0.18072289156626506,1.0,1.0,22.0
48860,2019,1394,53,1394,1394,48,경남,0.03802008608321377,1.0,890.0,519.0,28.0,37.0,890.0,519.0,0.03146067415730337,0.07129094412331406,1.0,1.0,-9.0
48860,2020,1045,24,825,1045,48,경남,0.022966507177033493,1.0,1394.0,890.0,53.0,28.0,1394.0,890.0,0.03802008608321377,0.03146067415730337,1.0,1.0,25.0
48860,2021,561,6,542,561,48,경남,0.0106951871657754,1.0,1045.0,1394.0,24.0,53.0,825.0,1394.0,0.022966507177033493,0.03802008608321377,1.0,1.0,-29.0
48860,2022,855,7,855,855,48,경남,0.008187134502923977,1.0,561.0,1045.0,6.0,24.0,542.0,825.0,0.0106951871657754,0.022966507177033493,1.0,1.0,-18.0
48860,2023,66,2,66,66,48,경남,0.030303030303030304,1.0,855.0,561.0,7.0,6.0,855.0,542.0,0.008187134502923977,0.0106951871657754,1.0,1.0,1.0
48870,2016,34,0,34,34,48,경남,0.0,1.0,,,,,,,,,,,
48870,2017,438,5,438,438,48,경남,0.01141552511415525,1.0,34.0,,0.0,,34.0,,0.0,,1.0,,
48870,2018,2356,30,2356,2356,48,경남,0.012733446519524618,1.0,438.0,34.0,5.0,0.0,438.0,34.0,0.01141552511415525,0.0,1.0,1.0,5.0
48870,2019,2043,1,1181,2043,48,경남,0.0004894762604013706,1.0,2356.0,438.0,30.0,5.0,2356.0,438.0,0.012733446519524618,0.01141552511415525,1.0,1.0,25.0
48870,2020,826,14,826,826,48,경남,0.01694915254237288,1.0,2043.0,2356.0,1.0,30.0,1181.0,2356.0,0.0004894762604013706,0.012733446519524618,1.0,1.0,-29.0
48870,2021,25,19,25,25,48,경남,0.76,1.0,826.0,2043.0,14.0,1.0,826.0,1181.0,0.01694915254237288,0.0004894762604013706,1.0,1.0,13.0
48870,2022,14,0,14,14,48,경남,0.0,1.0,25.0,826.0,19.0,14.0,25.0,826.0,0.76,0.01694915254237288,1.0,1.0,5.0
48870,2023,6,0,6,6,48,경남,0.0,1.0,14.0,25.0,0.0,19.0,14.0,25.0,0.0,0.76,1.0,1.0,-19.0
48880,2016,22,4,22,22,48,경남,0.18181818181818182,1.0,,,,,,,,,,,
48880,2017,170,8,170,170,48,경남,0.047058823529411764,1.0,22.0,,4.0,,22.0,,0.18181818181818182,,1.0,,
48880,2018,421,0,421,421,48,경남,0.0,1.0,170.0,22.0,8.0,4.0,170.0,22.0,0.047058823529411764,0.18181818181818182,1.0,1.0,4.0
48880,2019,394,3,394,394,48,경남,0.007614213197969543,1.0,421.0,170.0,0.0,8.0,421.0,170.0,0.0,0.047058823529411764,1.0,1.0,-8.0
48880,2020,496,2,496,496,48,경남,0.004032258064516129,1.0,394.0,421.0,3.0,0.0,394.0,421.0,0.007614213197969543,0.0,1.0,1.0,3.0
48880,2021,592,42,592,592,48,경남,0.07094594594594594,1.0,496.0,394.0,2.0,3.0,496.0,394.0,0.004032258064516129,0.007614213197969543,1.0,1.0,-1.0
48880,2022,769,0,769,769,48,경남,0.0,1.0,592.0,496.0,42.0,2.0,592.0,496.0,0.07094594594594594,0.004032258064516129,1.0,1.0,40.0
48880,2023,158,0,158,158,48,경남,0.0,1.0,769.0,592.0,0.0,42.0,769.0,592.0,0.0,0.07094594594594594,1.0,1.0,-42.0
48890,2016,111,35,111,111,48,경남,0.3153153153153153,1.0,,,,,,,,,,,
48890,2017,836,113,836,836,48,경남,0.13516746411483255,1.0,111.0,,35.0,,111.0,,0.3153153153153153,,1.0,,
48890,2018,1804,69,1479,1804,48,경남,0.03824833702882483,1.0,836.0,111.0,113.0,35.0,836.0,111.0,0.13516746411483255,0.3153153153153153,1.0,1.0,78.0
48890,2019,9936,20,9936,9936,48,경남,0.002012882447665056,1.0,1804.0,836.0,69.0,113.0,1479.0,836.0,0.03824833702882483,0.13516746411483255,1.0,1.0,-44.0
48890,2020,586,3,586,586,48,경남,0.005119453924914676,1.0,9936.0,1804.0,20.0,69.0,9936.0,1479.0,0.002012882447665056,0.03824833702882483,1.0,1.0,-49.0
48890,2021,919,18,919,919,48,경남,0.01958650707290533,1.0,586.0,9936.0,3.0,20.0,586.0,9936.0,0.005119453924914676,0.002012882447665056,1.0,1.0,-17.0
48890,2022,763,9,763,763,48,경남,0.011795543905635648,1.0,919.0,586.0,18.0,3.0,919.0,586.0,0.01958650707290533,0.005119453924914676,1.0,1.0,15.0
48890,2023,133,4,133,133,48,경남,0.03007518796992481,1.0,763.0,919.0,9.0,18.0,763.0,919.0,0.011795543905635648,0.01958650707290533,1.0,1.0,-9.0
50110,2016,198859,146684,194685,198859,50,제주,0.7376281687024475,1.0,,,,,,,,,,,
50110,2017,160243,86155,158191,160243,50,제주,0.5376521907353208,1.0,198859.0,,146684.0,,194685.0,,0.7376281687024475,,1.0,,
50110,2018,108565,73728,107239,108565,50,제주,0.6791138949016718,1.0,160243.0,198859.0,86155.0,146684.0,158191.0,194685.0,0.5376521907353208,0.7376281687024475,1.0,1.0,-60529.0
50110,2019,72954,29040,72943,72954,50,제주,0.39805905090879184,1.0,108565.0,160243.0,73728.0,86155.0,107239.0,158191.0,0.6791138949016718,0.5376521907353208,1.0,1.0,-12427.0
50110,2020,41627,26716,41627,41627,50,제주,0.6417949888293656,1.0,72954.0,108565.0,29040.0,73728.0,72943.0,107239.0,0.39805905090879184,0.6791138949016718,1.0,1.0,-44688.0
50110,2021,25724,13941,25724,25724,50,제주,0.541945265122065,1.0,41627.0,72954.0,26716.0,29040.0,41627.0,72943.0,0.6417949888293656,0.39805905090879184,1.0,1.0,-2324.0
50110,2022,25877,14856,25877,25875,50,제주,0.5741005526142907,0.9999227112880164,25724.0,41627.0,13941.0,26716.0,25724.0,41627.0,0.541945265122065,0.6417949888293656,1.0,1.0,-12775.0
50110,2023,25110,9073,25110,25110,50,제주,0.36133014735165275,1.0,25877.0,25724.0,14856.0,13941.0,25877.0,25724.0,0.5741005526142907,0.541945265122065,0.9999227112880164,1.0,915.0
50130,2016,34175,26854,34175,34175,50,제주,0.7857790782735918,1.0,,,,,,,,,,,
50130,2017,88516,58666,87975,88516,50,제주,0.6627728320303674,1.0,34175.0,,26854.0,,34175.0,,0.7857790782735918,,1.0,,
50130,2018,59844,43432,59390,59844,50,제주,0.7257536260945124,1.0,88516.0,34175.0,58666.0,26854.0,87975.0,34175.0,0.6627728320303674,0.7857790782735918,1.0,1.0,31812.0
50130,2019,54555,30880,54150,54555,50,제주,0.5660342773347997,1.0,59844.0,88516.0,43432.0,58666.0,59390.0,87975.0,0.7257536260945124,0.6627728320303674,1.0,1.0,-15234.0
50130,2020,24798,13598,24798,24798,50,제주,0.5483506734414065,1.0,54555.0,59844.0,30880.0,43432.0,54150.0,59390.0,0.5660342773347997,0.7257536260945124,1.0,1.0,-12552.0
50130,2021,25278,12516,25084,25278,50,제주,0.4951341087111322,1.0,24798.0,54555.0,13598.0,30880.0,24798.0,54150.0,0.5483506734414065,0.5660342773347997,1.0,1.0,-17282.0
50130,2022,25295,14063,25293,25295,50,제주,0.555959675825262,1.0,25278.0,24798.0,12516.0,13598.0,25084.0,24798.0,0.4951341087111322,0.5483506734414065,1.0,1.0,-1082.0
50130,2023,17919,2867,17919,17919,50,제주,0.15999776773257438,1.0,25295.0,25278.0,14063.0,12516.0,25293.0,25084.0,0.555959675825262,0.4951341087111322,1.0,1.0,1547.0
51110,2016,2616,210,2385,2616,51,강원,0.08027522935779817,1.0,,,,,,,,,,,
51110,2017,8204,217,6380,8204,51,강원,0.026450511945392493,1.0,2616.0,,210.0,,2385.0,,0.08027522935779817,,1.0,,
51110,2018,5073,116,2966,5073,51,강원,0.02286615414941849,1.0,8204.0,2616.0,217.0,210.0,6380.0,2385.0,0.026450511945392493,0.08027522935779817,1.0,1.0,7.0
51110,2019,30611,6229,28036,30611,51,강원,0.20348894188363661,1.0,5073.0,8204.0,116.0,217.0,2966.0,6380.0,0.02286615414941849,0.026450511945392493,1.0,1.0,-101.0
51110,2020,7667,2552,6743,7667,51,강원,0.3328550932568149,1.0,30611.0,5073.0,6229.0,116.0,28036.0,2966.0,0.20348894188363661,0.02286615414941849,1.0,1.0,6113.0
51110,2021,9362,809,9348,9362,51,강원,0.08641315958128605,1.0,7667.0,30611.0,2552.0,6229.0,6743.0,28036.0,0.3328550932568149,0.20348894188363661,1.0,1.0,-3677.0
51110,2022,26249,9104,26243,20554,51,강원,0.346832260276582,0.7830393538801478,9362.0,7667.0,809.0,2552.0,9348.0,6743.0,0.08641315958128605,0.3328550932568149,1.0,1.0,-1743.0
51110,2023,15555,11090,15555,6233,51,강원,0.7129540340726455,0.4007071681131469,26249.0,9362.0,9104.0,809.0,26243.0,9348.0,0.346832260276582,0.08641315958128605,0.7830393538801478,1.0,8295.0
51130,2016,1749,18,1182,1749,51,강원,0.010291595197255575,1.0,,,,,,,,,,,
51130,2017,358,12,138,358,51,강원,0.0335195530726257,1.0,1749.0,,18.0,,1182.0,,0.010291595197255575,,1.0,,
51130,2018,131,36,131,131,51,강원,0.2748091603053435,1.0,358.0,1749.0,12.0,18.0,138.0,1182.0,0.0335195530726257,0.010291595197255575,1.0,1.0,-6.0
51130,2019,285,88,282,285,51,강원,0.3087719298245614,1.0,131.0,358.0,36.0,12.0,131.0,138.0,0.2748091603053435,0.0335195530726257,1.0,1.0,24.0
51130,2020,450,134,379,450,51,강원,0.29777777777777775,1.0,285.0,131.0,88.0,36.0,282.0,131.0,0.3087719298245614,0.2748091603053435,1.0,1.0,52.0
51130,2021,381,172,381,381,51,강원,0.45144356955380577,1.0,450.0,285.0,134.0,88.0,379.0,282.0,0.29777777777777775,0.3087719298245614,1.0,1.0,46.0
51130,2022,2108,1067,2102,2108,51,강원,0.5061669829222012,1.0,381.0,450.0,172.0,134.0,381.0,379.0,0.45144356955380577,0.29777777777777775,1.0,1.0,38.0
51130,2023,526,26,463,526,51,강원,0.049429657794676805,1.0,2108.0,381.0,1067.0,172.0,2102.0,381.0,0.5061669829222012,0.45144356955380577,1.0,1.0,895.0
51150,2016,386,0,386,386,51,강원,0.0,1.0,,,,,,,,,,,
51150,2017,5,0,5,5,51,강원,0.0,1.0,386.0,,0.0,,386.0,,0.0,,1.0,,
51170,2022,979,30,37,979,51,강원,0.030643513789581207,1.0,,,,,,,,,,,
51170,2023,358,8,80,358,51,강원,0.0223463687150838,1.0,979.0,,30.0,,37.0,,0.030643513789581207,,1.0,,
51230,2021,133,1,5,133,51,강원,0.007518796992481203,1.0,,,,,,,,,,,
51230,2022,38,8,38,38,51,강원,0.21052631578947367,1.0,133.0,,1.0,,5.0,,0.007518796992481203,,1.0,,
51230,2023,82,0,82,82,51,강원,0.0,1.0,38.0,133.0,8.0,1.0,38.0,5.0,0.21052631578947367,0.007518796992481203,1.0,1.0,7.0
51720,2016,1983,78,1800,1983,51,강원,0.039334341906202726,1.0,,,,,,,,,,,
51720,2017,1489,115,1482,1489,51,강원,0.07723304231027535,1.0,1983.0,,78.0,,1800.0,,0.039334341906202726,,1.0,,
51720,2018,250,60,250,250,51,강원,0.24,1.0,1489.0,1983.0,115.0,78.0,1482.0,1800.0,0.07723304231027535,0.039334341906202726,1.0,1.0,37.0
51720,2019,1878,1021,1818,1878,51,강원,0.5436634717784877,1.0,250.0,1489.0,60.0,115.0,250.0,1482.0,0.24,0.07723304231027535,1.0,1.0,-55.0
51720,2020,2449,537,1869,2449,51,강원,0.21927317272356064,1.0,1878.0,250.0,1021.0,60.0,1818.0,250.0,0.5436634717784877,0.24,1.0,1.0,961.0
51720,2021,1121,193,1062,1121,51,강원,0.17216770740410348,1.0,2449.0,1878.0,537.0,1021.0,1869.0,1818.0,0.21927317272356064,0.5436634717784877,1.0,1.0,-484.0
51720,2022,1667,440,1667,1667,51,강원,0.26394721055788845,1.0,1121.0,2449.0,193.0,537.0,1062.0,1869.0,0.17216770740410348,0.21927317272356064,1.0,1.0,-344.0
51720,2023,1770,803,1770,1770,51,강원,0.4536723163841808,1.0,1667.0,1121.0,440.0,193.0,1667.0,1062.0,0.26394721055788845,0.17216770740410348,1.0,1.0,247.0
51730,2016,112,3,80,112,51,강원,0.026785714285714284,1.0,,,,,,,,,,,
51730,2017,199,11,199,199,51,강원,0.05527638190954774,1.0,112.0,,3.0,,80.0,,0.026785714285714284,,1.0,,
51730,2018,710,9,710,710,51,강원,0.01267605633802817,1.0,199.0,112.0,11.0,3.0,199.0,80.0,0.05527638190954774,0.026785714285714284,1.0,1.0,8.0
51730,2019,502,53,501,502,51,강원,0.10557768924302789,1.0,710.0,199.0,9.0,11.0,710.0,199.0,0.01267605633802817,0.05527638190954774,1.0,1.0,-2.0
51730,2020,574,18,81,574,51,강원,0.0313588850174216,1.0,502.0,710.0,53.0,9.0,501.0,710.0,0.10557768924302789,0.01267605633802817,1.0,1.0,44.0
51730,2021,1422,216,685,1422,51,강원,0.1518987341772152,1.0,574.0,502.0,18.0,53.0,81.0,501.0,0.0313588850174216,0.10557768924302789,1.0,1.0,-35.0
51730,2022,1016,390,1016,1013,51,강원,0.3838582677165354,0.9970472440944882,1422.0,574.0,216.0,18.0,685.0,81.0,0.1518987341772152,0.0313588850174216,1.0,1.0,198.0
51730,2023,345,6,345,344,51,강원,0.017391304347826087,0.9971014492753624,1016.0,1422.0,390.0,216.0,1016.0,685.0,0.3838582677165354,0.1518987341772152,0.9970472440944882,1.0,174.0
51760,2016,1,0,1,1,51,강원,0.0,1.0,,,,,,,,,,,
51760,2018,2,0,2,2,51,강원,0.0,1.0,1.0,,0.0,,1.0,,0.0,,1.0,,
51770,2016,123,38,123,123,51,강원,0.3089430894308943,1.0,,,,,,,,,,,
51770,2017,2584,19,195,2584,51,강원,0.007352941176470588,1.0,123.0,,38.0,,123.0,,0.3089430894308943,,1.0,,
51770,2018,2700,68,783,2700,51,강원,0.025185185185185185,1.0,2584.0,123.0,19.0,38.0,195.0,123.0,0.007352941176470588,0.3089430894308943,1.0,1.0,-19.0
51770,2019,486,65,349,486,51,강원,0.1337448559670782,1.0,2700.0,2584.0,68.0,19.0,783.0,195.0,0.025185185185185185,0.007352941176470588,1.0,1.0,49.0
51770,2020,1006,15,152,1006,51,강원,0.014910536779324055,1.0,486.0,2700.0,65.0,68.0,349.0,783.0,0.1337448559670782,0.025185185185185185,1.0,1.0,-3.0
51770,2021,426,9,330,426,51,강원,0.02112676056338028,1.0,1006.0,486.0,15.0,65.0,152.0,349.0,0.014910536779324055,0.1337448559670782,1.0,1.0,-50.0
51770,2022,1026,23,167,1026,51,강원,0.022417153996101363,1.0,426.0,1006.0,9.0,15.0,330.0,152.0,0.02112676056338028,0.014910536779324055,1.0,1.0,-6.0
51770,2023,138,38,137,138,51,강원,0.2753623188405797,1.0,1026.0,426.0,23.0,9.0,167.0,330.0,0.022417153996101363,0.02112676056338028,1.0,1.0,14.0
51780,2017,16,0,16,16,51,강원,0.0,1.0,,,,,,,,,,,
51780,2019,4,0,4,4,51,강원,0.0,1.0,16.0,,0.0,,16.0,,0.0,,1.0,,
51780,2020,1,0,1,1,51,강원,0.0,1.0,4.0,16.0,0.0,0.0,4.0,16.0,0.0,0.0,1.0,1.0,0.0
51780,2021,16,0,16,16,51,강원,0.0,1.0,1.0,4.0,0.0,0.0,1.0,4.0,0.0,0.0,1.0,1.0,0.0
51780,2022,16,1,16,16,51,강원,0.0625,1.0,16.0,1.0,0.0,0.0,16.0,1.0,0.0,0.0,1.0,1.0,0.0
51780,2023,62,2,3,62,51,강원,0.03225806451612903,1.0,16.0,16.0,1.0,0.0,16.0,16.0,0.0625,0.0,1.0,1.0,1.0
51790,2019,18,0,18,18,51,강원,0.0,1.0,,,,,,,,,,,
51790,2020,15,0,15,15,51,강원,0.0,1.0,18.0,,0.0,,18.0,,0.0,,1.0,,
51790,2021,15,0,15,15,51,강원,0.0,1.0,15.0,18.0,0.0,0.0,15.0,18.0,0.0,0.0,1.0,1.0,0.0
51790,2022,348,5,85,348,51,강원,0.014367816091954023,1.0,15.0,15.0,0.0,0.0,15.0,15.0,0.0,0.0,1.0,1.0,0.0
51800,2016,48,0,48,48,51,강원,0.0,1.0,,,,,,,,,,,
51800,2017,77,0,77,77,51,강원,0.0,1.0,48.0,,0.0,,48.0,,0.0,,1.0,,
51800,2018,60,0,60,60,51,강원,0.0,1.0,77.0,48.0,0.0,0.0,77.0,48.0,0.0,0.0,1.0,1.0,0.0
51800,2019,10,0,10,10,51,강원,0.0,1.0,60.0,77.0,0.0,0.0,60.0,77.0,0.0,0.0,1.0,1.0,0.0
51810,2016,46,0,46,46,51,강원,0.0,1.0,,,,,,,,,,,
51810,2017,255,4,255,255,51,강원,0.01568627450980392,1.0,46.0,,0.0,,46.0,,0.0,,1.0,,
51810,2018,184,0,184,184,51,강원,0.0,1.0,255.0,46.0,4.0,0.0,255.0,46.0,0.01568627450980392,0.0,1.0,1.0,4.0
51810,2019,208,1,208,208,51,강원,0.004807692307692308,1.0,184.0,255.0,0.0,4.0,184.0,255.0,0.0,0.01568627450980392,1.0,1.0,-4.0
51810,2020,37,1,37,37,51,강원,0.02702702702702703,1.0,208.0,184.0,1.0,0.0,208.0,184.0,0.004807692307692308,0.0,1.0,1.0,1.0
51810,2021,18,0,18,18,51,강원,0.0,1.0,37.0,208.0,1.0,1.0,37.0,208.0,0.02702702702702703,0.004807692307692308,1.0,1.0,0.0
51830,2016,1,1,1,1,51,강원,1.0,1.0,,,,,,,,,,,
